song,duration,number_of_distinct_voices,mean_interval,modal_interval,distance_btwn_modal_intervals,modal_interval_prevalence,rel_strength_modal_intervals,common_intervals_count,amount_of_arpeggiation,stepwise_motion,melodic_thirds,direction_of_motion,duration_of_melodic_arcs,size_of_melodic_arcs,modal_pitch_prev,modal_pitchcls_prev,rel_strength_top_pitches,rel_strength_top_pitchcls,interval_btwn_strongest_pitches,interval_btwn_strongest_pitchcls,number_of_common_pitches,pitch_variety,pitch_class_variety,range,note_density,average_note_duration,maximum_note_duration,minimum_note_duration,variability_of_note_duration,initial_tempo,quality,tonal_certainty_metrics_0,tonal_certainty_metrics_1,tonal_certainty_metrics_2,tonal_certainty_metrics_3,tonal_certainty_metrics_4,tonal_certainty_metrics_5,tonal_certainty_metrics_6,tonal_certainty_metrics_7,tonal_certainty_metrics_8,tonal_certainty_metrics_9,tonal_certainty_metrics_10,tonal_certainty_metrics_11,tonal_certainty_metrics_12,tonal_certainty_metrics_13,tonal_certainty_metrics_14,tonal_certainty_metrics_15,tonal_certainty_metrics_16,tonal_certainty_metrics_17,tonal_certainty_metrics_18,tonal_certainty_metrics_19,tonal_certainty_metrics_20,tonal_certainty_metrics_21,tonal_certainty_metrics_22,tonal_certainty_metrics_23,key1,key2,key3,key4,key5,melodic_interval_histogram_0,melodic_interval_histogram_1,melodic_interval_histogram_2,melodic_interval_histogram_3,melodic_interval_histogram_4,melodic_interval_histogram_5,melodic_interval_histogram_6,melodic_interval_histogram_7,melodic_interval_histogram_8,melodic_interval_histogram_9,melodic_interval_histogram_10,melodic_interval_histogram_11,melodic_interval_histogram_12,melodic_interval_histogram_13,melodic_interval_histogram_14,melodic_interval_histogram_16,melodic_interval_histogram_17
1,30.622,2,0,0,0,1,0,1,1,0,0,0,0,0,1,1,0,0,0,5,1,1,1,0,1.3062505,.76555002,1.1777692,.14722115,.4575713,101.88754,0,.68682587,.68419117,.43618548,.40817195,.27171853,.21359465,.14393117,.07070338,.040637031,-.0026023709,-.046773005,-.049383592,-.096374147,-.14075412,-.14673372,-.23321252,-.26444098,-.26606226,-.26867285,-.2788541,-.2788541,-.28846288,-.28955755,-.30522105,6,5,20,9,19,1,0,0,0,0,0,0,0,0,0,0,0,0,0,0,0,0
2,80.890999,2,1.9368421,2,2,.61052632,.1724138,4,.28421053,.7157895,.17894737,.29069766,1.8297873,3.8936169,.31967214,.31967214,1,1,2,2,3,6,6,7,1.4958401,1.1995442,4.5895605,.14342377,1.0513611,52.292591,0,.6322372,.47173622,.41848287,.30544844,.29987806,.28009486,.26121867,.079372101,.062101964,.025338762,-.0025086261,-.0082322331,-.011712337,-.060814895,-.069603942,-.082192488,-.088124178,-.29732153,-.31373453,-.32172364,-.33931491,-.34757647,-.40758163,-.48546776,0,22,7,13,16,.10526316,.10526316,.61052632,.10526316,.073684208,0,0,0,0,0,0,0,0,0,0,0,0
3,81.384003,1,1.4183006,0,3,.54901963,.34523809,3,.77124184,.15686275,.20915033,.30434781,1.8648648,5.6486487,.36206895,.57471263,.58730161,.34,12,9,4,10,6,19,2.1380124,.42110458,1.5957648,.13298039,.27426964,112.79858,1,.8783924,.64132404,.45128939,.40182552,.38681722,.36727166,.27054083,.1867114,.093485765,.066279888,.0092956536,-.011450102,-.037717849,-.09663111,-.11769544,-.25713822,-.28466165,-.29261085,-.29653084,-.4503099,-.45277175,-.45782167,-.49625039,-.50164396,19,4,20,2,17,.54901963,.0065359478,.1503268,.18954249,.019607844,.05882353,.013071895,.013071895,0,0,0,0,0,0,0,0,0
4,163.80701,1,.76565295,0,1,.6583184,.32336956,2,.69946331,.2647585,.032200359,.48167539,1.4469697,3.2272727,.60960001,.60960001,.52493441,.52493441,1,1,2,12,9,19,3.8154657,.23125695,1.1336125,.094467707,.12121705,105.85629,1,.49737221,.46565995,.28827032,.28111896,.2308054,.22915982,.22853807,.2196613,.18904601,.002242401,-.002734283,-.079396963,-.07968843,-.13668521,-.15259415,-.1533248,-.17432481,-.19092612,-.22468017,-.25169387,-.2670843,-.27505806,-.28811795,-.35556528,9,10,2,15,13,.6583184,.21288015,.051878355,.023255814,.008944544,.012522361,.0035778179,.001788909,.001788909,.017889088,.0071556349,0,0,0,0,0,0
5,89.117996,2,2.5219512,2,1,.36585367,.54666668,4,.5219512,.39512196,.29756099,.42105263,1.9213483,5.719101,.25,.26249999,1,.95238096,4,4,5,10,8,15,2.6369534,.50563407,2.8747742,.15970968,.45050743,93.920418,1,.86911631,.83135629,.54946554,.42109314,.41469452,.3617152,.25379029,.2290041,.17869166,.13292168,.038166925,.035658326,-.050778251,-.12165233,-.13954739,-.21020897,-.25077578,-.25892538,-.42303923,-.46760815,-.4794246,-.54247451,-.68114126,-.69009811,22,4,17,5,14,.17560975,.029268293,.36585367,.2,.097560979,.078048781,0,.04878049,.0048780488,0,0,0,0,0,0,0,0
6,152.009,2,1.7117118,2,1,.6267696,.40451744,2,.097812101,.88030887,.027027028,.45429364,1.4764826,2.7137015,.25939393,.25939393,.75700933,.75700933,2,2,5,10,10,11,5.42731,.34280068,4.0267286,.13422428,.41870075,223.5065,0,.72853768,.70508468,.48446169,.47750244,.36696386,.32647049,.19394098,.17400467,.17054094,.12401659,.078537881,.05599419,.014356488,-.02127251,-.050071996,-.24084035,-.28511339,-.33891746,-.34345824,-.38647345,-.466791,-.49669358,-.59837729,-.67240328,0,21,6,15,7,.070785068,.25353926,.6267696,.014157014,.012870013,.020592021,.001287001,0,0,0,0,0,0,0,0,0,0
7,181.63699,2,1.740171,0,2,.37264958,.64678901,4,.60683763,.32649574,.22905983,.40599456,1.4224806,3.9069767,.29302326,.29302326,.69841272,.69841272,2,10,5,9,8,12,3.5510385,.39978242,4.401917,.23167984,.39523143,129.48903,0,.69063067,.68704325,.66856158,.56772125,.31404519,.30310303,.21277301,.16026381,.12033936,.11097646,.08196725,.080025591,-.11672915,-.13921237,-.1496866,-.18676153,-.22469033,-.2455675,-.25171822,-.41892996,-.490242,-.57822835,-.58510894,-.6105755,19,8,13,16,1,.37264958,.085470088,.24102564,.11452992,.11452992,.064957269,.001709402,.0051282048,0,0,0,0,0,0,0,0,0
8,159.21001,2,1.576507,2,2,.3755796,.66255146,4,.39876354,.57805252,.14374034,.40204081,2.2272727,4.6999998,.10555556,.21111111,1,1,5,7,3,19,8,28,4.396709,.41117519,1.5557981,.17286645,.35140812,173.54437,1,.85145539,.61423278,.50510663,.44054347,.41071808,.38983369,.38662666,.36306632,.32368746,.28610188,.14209458,-.098753728,-.1362395,-.15721782,-.17432545,-.18667153,-.27294379,-.2892969,-.49471307,-.5313189,-.53232068,-.58296543,-.59305292,-.66364729,23,2,18,8,7,.24884081,.20247295,.3755796,.14374034,0,.01236476,0,.00618238,.010819165,0,0,0,0,0,0,0,0
9,44.603001,1,3.5211267,3,1,.32394367,.82608694,4,.61971831,.33802816,.47887325,.23943663,2.1515152,7.3939395,.27160493,.27160493,.90909094,.90909094,3,9,4,6,6,8,1.8160213,.5185774,1.7321553,.21651942,.26283315,69.277855,1,.88124818,.61192375,.53606689,.45906517,.45475543,.35918871,.34946913,.16287136,.14971702,.12728967,.00076395,-.010953783,-.045555558,-.10992165,-.20147033,-.2479277,-.3176401,-.31966972,-.35152623,-.38962802,-.40149891,-.47664779,-.59105051,-.62886894,1,21,7,19,6,0,.070422538,.26760563,.32394367,.15492958,0,0,.14084508,.04225352,0,0,0,0,0,0,0,0
10,244.606,1,2.0826874,0,2,.3488372,.92592591,4,.62015504,.32299742,.20930232,.38095239,1.75,5.5138888,.40486726,.43141592,.55737704,.5794872,2,10,4,7,5,14,1.8478696,.48672068,1.96866,.16405499,.31043944,91.432755,0,.77665317,.62775832,.61317861,.51939166,.38061517,.36203948,.24392517,.17357968,.17216901,.066480651,.032984197,.031775005,-.03035876,-.13764979,-.18792348,-.197364,-.2672947,-.30662048,-.37031239,-.43925264,-.47799122,-.48045945,-.55069757,-.55462569,17,9,12,20,2,.3488372,0,.32299742,.11886305,.090439275,.056847546,0,.062015504,0,0,0,0,0,0,0,0,0
11,234.87199,2,2.4307458,1,1,.32876712,.85185188,4,.23287672,.60882801,.1780822,.56357926,1.9480122,4.9541283,.20171674,.20457797,.8865248,.88111889,1,1,4,13,7,22,2.9505432,.64624381,3.1281509,.17378616,.4923003,57.541981,0,.81683302,.74832362,.65218192,.48700327,.42086053,.38589296,.35084814,.24529339,.2123041,.14694664,.12003636,.099120617,-.098586187,-.10459673,-.15942258,-.33718422,-.39358735,-.39473179,-.39582473,-.3971349,-.50112557,-.56944495,-.63679051,-.69721508,8,14,12,3,23,.045662101,.32876712,.28006089,.10806697,.070015222,.11872146,.022831051,.0060882801,.01674277,0,.0030441401,0,0,0,0,0,0
12,150.461,1,1.2821497,0,2,.54702497,.43157893,3,.70633399,.23608445,.15930901,.25847459,2.4081633,6.6938777,.35663083,.39964157,.76884425,.69058293,5,5,4,8,6,21,3.7086022,.24013421,.60426104,.15106526,.088848136,198.58966,1,.82442909,.80023974,.50389391,.44573095,.39161482,.36706653,.36618593,.26284695,.2372907,.20050712,.18155681,-.036059517,-.052409872,-.21413915,-.25480142,-.32912579,-.35140398,-.36630517,-.38574073,-.4423233,-.45220608,-.54190874,-.57172108,-.58321768,18,4,10,23,7,.54702497,0,.23608445,.11516315,.044145875,.057581574,0,0,0,0,0,0,0,0,0,0,0
13,143.166,1,.67540324,0,1,.75403225,.171123,2,.84879035,.12903225,.090725809,.36065573,1.6266667,4.4533334,.37875751,.38276553,.9100529,.93193716,8,4,3,6,4,16,3.4854643,.28690583,1.0674073,.13342591,.10845947,112.42194,0,.73800254,.60197866,.49394861,.41706181,.35406262,.29716581,.16820325,.083712041,.076934181,.029922001,.011747405,-.017006179,-.019505186,-.15403956,-.17701121,-.22832444,-.2428984,-.25846523,-.29773492,-.3023259,-.32491159,-.36405084,-.43171301,-.45475248,11,15,0,16,19,.75403225,.12903225,0,.030241935,.060483869,.0040322579,0,0,.018145161,0,0,0,.0040322579,0,0,0,0
14,109.089,1,1.0935961,0,2,.63546801,.30232558,3,.77832514,.19211823,.1182266,.33783785,2.1142857,6,.27962086,.37914693,.779661,.73750001,7,7,5,7,6,12,1.9342005,.51111764,2.4863589,.15539743,.38769957,96.526688,0,.73779947,.71368718,.70797735,.57216775,.45318398,.32141072,.27816442,.27329135,.22684601,.21362956,.1118457,.082971901,-.048732143,-.080036275,-.19372283,-.31154934,-.42247367,-.46594751,-.46734935,-.48174432,-.48197466,-.56456053,-.56829298,-.60659182,22,0,15,11,8,.63546801,0,.19211823,.098522164,.019704433,.029556651,0,.019704433,0,0,.0049261078,0,0,0,0,0,0
15,30.539,1,2.55,0,3,.31,.67741936,5,.63999999,.20999999,.23999999,.39130434,1.6829268,6.0487804,.25,.39423078,.76923078,.78048778,7,7,5,10,8,17,3.4054816,.27908337,.50477684,.12619421,.098487906,118.8644,0,.83292425,.7557947,.65295297,.51743752,.46994066,.27290601,.27273887,.26577142,.086653933,.071578227,.035669021,-.039430942,-.054222111,-.17629889,-.33121565,-.33419383,-.35016304,-.36887652,-.36959824,-.37553862,-.40405336,-.4208976,-.50166512,-.5082137,17,9,21,0,20,.31,.07,.14,.20999999,.029999999,.13,0,.090000004,.0099999998,.0099999998,0,0,0,0,0,0,0
16,134.912,1,1.2727273,0,3,.62382448,.16582915,2,.84639496,.11285266,.18808778,.44166666,1.5584415,5.2077923,.32317072,.32317072,.5471698,.5471698,5,5,5,10,8,13,2.4312143,.40872201,.85117984,.21279496,.12578461,70.490395,1,.7907691,.75650144,.64558572,.55765945,.41798991,.31619337,.24358027,.17187335,.047348358,.035977744,-.042934775,-.047164246,-.054390907,-.088494003,-.15017736,-.1565741,-.19181839,-.26942325,-.36277732,-.39128408,-.47650424,-.56492394,-.58555752,-.60145456,18,3,6,22,5,.62382448,.050156739,.062695928,.10344828,.084639497,.037617557,.0031347959,.034482758,0,0,0,0,0,0,0,0,0
17,164.017,1,3.3162792,2,3,.28372094,.83606559,3,.42790699,.29767442,.17209302,.47976878,1.73,7.0799999,.24782608,.26521739,.7368421,.96721309,5,2,5,10,7,16,1.4022937,.70965564,1.592398,.39809951,.20856774,37.67902,1,.76737672,.71229231,.5861634,.49887991,.45864075,.45243815,.38752884,.29438996,.20130897,.14146073,.12638088,.08112561,-.017860476,-.14874682,-.1490819,-.36461839,-.37090844,-.4138678,-.4207865,-.45276129,-.51786995,-.60364735,-.6038208,-.6440165,5,22,2,17,7,.19534884,.013953488,.28372094,.088372096,.08372093,.23720931,0,.032558139,.0093023255,.0046511628,.027906977,0,0,0,.023255814,0,0
18,110.004,1,2.344203,2,2,.36231884,.79000002,4,.47826087,.40942028,.19202898,.41624364,2.6266668,8.4666662,.209622,.24054983,.86885244,.87142855,4,5,6,9,6,17,2.6453583,.341701,.64708233,.10784706,.15675117,139.08585,1,.86760223,.676925,.56569231,.53717655,.51308084,.40426031,.29529071,.25800005,.18642953,.15319669,.079566225,.03695396,.016955288,-.073329687,-.19771938,-.26807484,-.27315435,-.39748687,-.43425599,-.44302812,-.50700986,-.62625051,-.68060315,-.69021684,5,15,8,6,22,.28623188,.047101449,.36231884,.19202898,0,.003623188,0,0,0,.10869565,0,0,0,0,0,0,0
19,65.851997,2,2.0042918,2,2,.31330472,.89041096,3,.64377683,.31759655,.36480686,.42857143,2.0487804,5.6341462,.31007752,.31007752,.83749998,.83749998,2,2,3,8,7,12,3.9178765,.24426223,1.1506398,.059007168,.22162278,169.47093,0,.71932507,.59328264,.55425715,.50278229,.34029236,.33277529,.21988368,.19329172,.14982085,.053995337,.038705379,.017604487,-.001536201,-.1233083,-.12947966,-.16587645,-.29385024,-.33456105,-.34022579,-.40027517,-.42402962,-.44346994,-.52918369,-.53022009,20,2,21,4,11,.27896994,.004291845,.31330472,.27896994,.08583691,.038626608,0,0,0,0,0,0,0,0,0,0,0
20,208.274,1,1.5613718,0,3,.54512638,.4437086,2,.87184113,.075812273,.30505416,.50396824,1.4482758,4.9425287,.40847456,.71525425,.75103736,.1492891,12,9,2,11,7,19,2.8328068,.35300678,.64781958,.16195489,.092618376,185.23676,1,.78640866,.6719836,.40369356,.38099614,.29641107,.28958809,.17604649,.12863486,.059327126,.040255677,.0043631461,-.069525599,-.093869045,-.15347831,-.16974853,-.19589069,-.26652363,-.2708073,-.28652033,-.32732445,-.32737523,-.33957556,-.35585144,-.38121825,6,21,2,16,7,.54512638,0,.075812273,.24187726,.063176893,.052346569,0,.018050542,0,0,0,0,.003610108,0,0,0,0
21,45.332001,1,1.8931298,2,2,.49618322,.50769234,3,.35877863,.61832058,.038167939,.32653061,2.0416667,5.0625,.23529412,.23529412,.8125,.8125,3,9,6,6,6,9,3.0000882,.32920843,.5596543,.13991357,.12869166,107.20904,0,.91891211,.78611201,.6207543,.53474462,.52414078,.38753492,.34615758,.289848,.2885741,.20291173,.001247888,-.001397568,-.10743897,-.14308022,-.17062414,-.19443245,-.19999869,-.29638258,-.47397578,-.59094065,-.59209281,-.61248976,-.7419433,-.77614117,23,2,17,9,11,.25190839,.1221374,.49618322,0,.038167939,.015267176,0,.068702288,0,.0076335878,0,0,0,0,0,0,0
22,43.202,1,1.502924,0,4,.52631581,.40000001,3,.82456142,.15789473,.29824561,.30864197,1.8409091,5.681818,.46067417,.46067417,.597561,.597561,4,8,2,7,6,12,4.1201797,.22622205,.81513208,.16302642,.16037296,184.01926,0,.90523672,.58321679,.56416738,.54732525,.53057808,.34248868,.21900967,.11330066,.065387994,.040492091,-.043380089,-.068364397,-.069632195,-.099184938,-.10491125,-.12591793,-.14467683,-.36348259,-.4096145,-.4194015,-.42424327,-.48441982,-.57278645,-.58118755,12,15,5,23,1,.52631581,.0058479528,.15204678,.087719299,.21052632,.01754386,0,0,0,0,0,0,0,0,0,0,0
23,70.553001,1,.52747256,0,5,.88461536,.080745339,1,.90109891,.027472528,0,.61904764,2.0999999,8.6000004,.79166669,.79166669,.18421052,.22368421,5,5,2,4,3,12,2.7213583,.36746353,1.0854307,.27135769,.17286485,110.55518,0,.75712788,.73056787,.42063266,.41047031,.26964346,.25724944,.18366493,.140633,.0739813,.072153948,.010026401,-.085602872,-.10168873,-.19368027,-.19933395,-.24595647,-.24675862,-.28766811,-.31900403,-.31968325,-.32246646,-.32379854,-.33149812,-.34901172,19,3,17,4,6,.88461536,0,.027472528,0,0,.071428575,0,.016483516,0,0,0,0,0,0,0,0,0
24,121.507,1,1.6853448,2,2,.55818963,.55984557,3,.41594827,.55818963,.10344828,.31347963,1.7821229,4.3463688,.44528303,.44528303,.60593218,.60593218,4,8,4,4,4,6,4.3618884,.20100863,2.111496,.09597709,.11890766,156.28729,0,.61385858,.39595208,.33166349,.32121709,.2865853,.20536996,.1450607,.11982261,.041814871,.040808536,-.02889996,-.049403224,-.049604733,-.050130323,-.088018358,-.10229213,-.15038379,-.16543986,-.23808262,-.26164174,-.28096977,-.3035686,-.34494302,-.38877511,19,10,5,18,4,.3125,0,.55818963,0,.10344828,0,.02586207,0,0,0,0,0,0,0,0,0,0
25,111.306,5,2.2904413,2,2,.51838237,.33687943,4,.31801471,.53125,.13419117,.36462882,1.5578232,4.2414966,.23423423,.3003003,.73717946,.75,5,2,4,14,8,22,5.9385839,.41456965,1.3610789,.075615488,.28480208,198.37206,0,.73533672,.69892406,.62813395,.51424092,.49978915,.45450139,.45190939,.39551115,.23510489,.099854462,.099438667,-.00081648497,-.048682462,-.092103355,-.094436079,-.26335225,-.38645202,-.41570058,-.42091945,-.53335828,-.61161536,-.6211496,-.6473605,-.67679834,4,22,1,15,10,.17463236,.012867647,.51838237,.12316176,.011029412,.15073529,0,.0073529412,0,0,0,0,.001838235,0,0,0,0
26,89.789001,1,2.9471698,2,1,.40377358,.48598132,4,.32830188,.43773586,.21886793,.45228216,1.199005,3.8656716,.26449275,.26449275,.91780823,.91780823,3,3,5,11,10,12,3.0738733,.32217926,2.1688163,.10844082,.33788496,69.162148,0,.7729128,.66333097,.62073749,.41498217,.4108153,.37078083,.35569957,.27895868,.18133773,.057305817,.040110614,.0059311669,-.015339306,-.14039221,-.15235993,-.27128786,-.32752886,-.38886943,-.41115281,-.42467612,-.49510068,-.49536687,-.52131361,-.52951545,12,11,20,1,21,.090566039,.033962265,.40377358,.19622642,.02264151,.16981132,.041509435,.018867925,.0075471699,.01509434,0,0,0,0,0,0,0
27,168.612,2,1.1574904,0,2,.50320101,.61832058,2,.62740076,.3559539,.12419974,.28350514,1.8046511,4.1209302,.33449882,.33449882,.73170733,.73170733,2,2,4,6,6,10,5.0886059,.27029261,1.9476633,.069559403,.25609466,107.82151,1,.81215483,.69743341,.51621121,.45102641,.41411361,.41331363,.41175056,.33968398,.19419549,.031430531,.0041625551,-.021314917,-.033565622,-.042481549,-.069630481,-.1174961,-.29045445,-.3092469,-.44390994,-.51770306,-.55769575,-.56757098,-.62889659,-.68550992,5,16,4,11,19,.50320101,.044814341,.31113955,.089628682,.034571063,.016645327,0,0,0,0,0,0,0,0,0,0,0
28,56.063999,1,1.8113208,0,5,.46226415,.46938777,4,.56603771,.21698113,.10377359,.31578946,1.9,6.2333331,.26984128,.34920636,.91176468,.75,5,7,4,10,7,20,2.2474315,.40959191,1.1138543,.092821196,.20657954,80.800514,0,.7362712,.63755977,.59079868,.5903247,.49500346,.46208608,.35422951,.33963522,.19698603,.16106828,.12901777,.12177546,-.049068041,-.10079544,-.21276347,-.27257016,-.40974587,-.43580216,-.45236018,-.5368278,-.53715444,-.58481234,-.60035455,-.62250161,23,3,20,1,13,.46226415,.018867925,.1981132,.10377359,0,.21698113,0,0,0,0,0,0,0,0,0,0,0
29,172.53101,1,1.6282723,1,1,.513089,.76530612,2,.094240837,.90575916,.094240837,.4764398,2.4025156,3.8930817,.29292929,.29292929,.94827586,.94827586,1,1,3,10,9,12,2.2952397,.43001136,.89859897,.22464974,.20541178,66.770607,1,.62336582,.55334663,.3779752,.37100452,.30880126,.3056758,.19660921,.18480304,.13287959,.089792982,.064952865,.047302615,-.075504586,-.088654324,-.13507861,-.14313246,-.23127849,-.25065336,-.28845409,-.32396793,-.34766668,-.36871022,-.45694226,-.54646659,1,20,10,15,8,0,.513089,.39267015,.047120418,.047120418,0,0,0,0,0,0,0,0,0,0,0,0
30,127.407,1,2.0558293,2,1,.37274221,.74889868,3,.30706075,.65188837,.13136289,.49429658,1.9553903,4.6431227,.23717949,.23717949,.8445946,.92567569,4,4,5,8,7,14,4.8976903,.19929121,.79546511,.066288762,.10896151,226.2827,1,.80049056,.60422152,.5808714,.50820774,.47349557,.27912787,.18391035,.17393872,.15658772,.078961305,.059512813,.049437266,-.011949825,-.053392932,-.14345488,-.21550664,-.31184179,-.32957113,-.3360303,-.43012375,-.49800453,-.50349665,-.53111154,-.58427882,7,20,5,16,4,.136289,.27914613,.37274221,.049261086,.082101807,.032840721,0,.029556651,.0082101813,0,0,0,.0098522166,0,0,0,0
31,44.499001,1,1.9102564,2,1,.37179488,.93103451,3,.6025641,.37179488,.34615386,.48275861,1.6111112,3.9444444,.31034482,.31034482,.92592591,.92592591,2,2,4,5,5,9,1.9551001,.46805498,.83960378,.20990095,.21514602,142.92456,0,.67229605,.61578858,.59037995,.51745605,.4536218,.32165509,.31896523,.2864773,.26373726,.21423526,.003987201,-.018493112,-.0317102,-.035772998,-.20641583,-.25880215,-.28551537,-.29114521,-.40132216,-.48596242,-.50076443,-.57665652,-.58005542,-.58598393,15,6,21,0,17,.25641024,0,.37179488,.34615386,0,.025641026,0,0,0,0,0,0,0,0,0,0,0
32,40.172001,1,3,0,5,.36250001,.62068963,4,.66250002,.075000003,.26249999,.41176471,2.2173913,9.913043,.27586207,.48275861,.875,.5,9,9,4,5,4,12,2.1656876,.42159522,1.1644058,.14555073,.28177956,103.05685,0,.78883648,.76392531,.6650452,.53689498,.47530249,.22207579,.15332897,.092737101,.079030506,.0034874829,-.015309457,-.019961594,-.027486091,-.15398167,-.17465034,-.22503129,-.23274022,-.28756952,-.36414951,-.4154833,-.42068496,-.42321843,-.50915664,-.51124132,6,22,1,13,16,.36250001,0,.075000003,.1125,.15000001,.22499999,0,0,0,.037500001,0,0,.037500001,0,0,0,0
33,291.733,1,.2586605,0,5,.94611239,.053702198,1,.94611239,.0030792919,0,.52857143,1.3725491,6.4901962,.9476015,.9476015,.052959502,.052959502,5,7,1,4,4,7,4.6446581,.20658174,.5452953,.090882555,.070199341,165.04817,0,.72114742,.70791358,.43048424,.40941316,.26843855,.20259054,.19830327,.1050866,.0568702,.0057768691,.000290214,-.070773229,-.10029939,-.165308,-.16601619,-.2557787,-.26307628,-.27801138,-.28678542,-.28961328,-.29974532,-.30129072,-.3022778,-.32733899,22,10,20,0,14,.94611239,.0015396459,.0015396459,0,0,.050808314,0,0,0,0,0,0,0,0,0,0,0
34,130.205,1,.73253012,0,4,.78313255,.19076923,2,.93253011,.06746988,.1493976,.47777778,1.0714285,3.5714285,.7873832,.7873832,.20771514,.20771514,4,4,2,3,3,4,3.2871242,.29999205,1.8084028,.075350113,.20196038,99.535347,0,.74139982,.59182364,.5057978,.3662768,.25666776,.20727441,.1880863,.11720439,-.037771787,-.051182274,-.051188659,-.052848585,-.090751365,-.099498548,-.14842783,-.15976411,-.22975074,-.24347676,-.24788493,-.25862983,-.29225123,-.32411996,-.3351517,-.35183266,22,6,7,14,10,.78313255,0,.06746988,0,.1493976,0,0,0,0,0,0,0,0,0,0,0,0
35,255.009,2,2.3450413,2,1,.30785123,.83221477,3,.53099173,.37603307,.3429752,.369863,1.752,5.1999998,.21846154,.21846154,.90845072,.90845072,5,5,5,8,8,10,2.3763866,.47119355,1.9083929,.11927456,.25829259,125.76027,0,.65822726,.61513323,.6099335,.39510152,.35981542,.35459235,.34925184,.34852496,.16283178,.15768546,.048668269,.0042742998,-.0189099,-.12345035,-.13376568,-.14426665,-.2073627,-.25361133,-.33054119,-.46348566,-.46899512,-.59118044,-.61622262,-.71224827,19,0,16,10,9,.18181819,.06818182,.30785123,.25619835,.08677686,.055785123,.037190083,.0061983471,0,0,0,0,0,0,0,0,0
36,134.89799,2,1.6146789,0,3,.51070338,.4790419,3,.80428135,.17125383,.24464832,.2,2.5,8,.28032345,.48247978,.72115386,.53631288,12,3,3,8,5,17,2.750226,.33264592,.80137426,.26712474,.14189185,224.61415,1,.88097084,.5815134,.47143802,.45576131,.38782898,.38605592,.28750658,.22559829,.14561088,.060082521,.056518842,.0056010871,-.044689719,-.098673746,-.11471385,-.24558939,-.26009881,-.29041556,-.32985321,-.48213243,-.48939121,-.49986127,-.54242742,-.54664004,19,3,16,11,4,.51070338,0,.17125383,.24464832,0,.024464833,0,.024464833,0,0,.024464833,0,0,0,0,0,0
37,116.163,1,.91935486,1,1,.91935486,.087719299,1,.080645159,.91935486,0,.5,1.0088495,1,.60416669,.60416669,.65517241,.65517241,1,1,2,2,2,1,1.2396374,.80668747,1.9959278,.19959278,.46860343,75.153015,0,.48351112,.48069975,.28266144,.26733834,.24781872,.23523414,.22186324,.21778394,.17805275,.011437357,-.003052759,-.071787924,-.11051299,-.1381059,-.14387967,-.1448358,-.15935801,-.19838455,-.2191713,-.25434095,-.26900512,-.2866205,-.29064527,-.33670008,18,5,10,9,3,.080645159,.91935486,0,0,0,0,0,0,0,0,0,0,0,0,0,0,0
38,144.733,1,2.0163043,0,2,.27717391,.92156863,4,.67391306,.31521741,.38586956,.39849624,2.4181819,6.6909089,.39712918,.39712918,.61445785,.61445785,4,4,3,7,7,10,1.4440384,.64425927,2.2973492,.19144577,.50956863,78.351173,0,.85136884,.74105763,.54857916,.41253853,.38961947,.33698416,.16747075,.082951456,.028245905,.020888008,.018331496,.017093047,-.017772228,-.15037605,-.16640081,-.17352593,-.18355626,-.21835077,-.35114941,-.38050792,-.4018918,-.48149633,-.53369206,-.55640888,13,6,15,18,0,.27717391,.059782609,.25543478,.23913044,.14673913,0,.010869565,.010869565,0,0,0,0,0,0,0,0,0
39,80.899002,1,2.1809211,0,2,.27631578,.91666669,4,.47039473,.33552632,.18421052,.37727273,1.9298246,5.7894735,.44761905,.44761905,.4609929,.4609929,3,3,4,6,6,10,3.893744,.25021821,1.84912,.11557,.15376803,129.79147,0,.76454437,.72466141,.55433226,.46307182,.38131815,.19344762,.14045928,.11077742,.10835211,.092214167,.085843936,.061492983,.0088832481,-.15590942,-.20862626,-.23582141,-.27088091,-.29040617,-.35329714,-.36765781,-.40617996,-.45768327,-.45863751,-.48429886,13,11,23,0,18,.27631578,.082236841,.25328946,.18421052,0,.19407895,0,.0098684207,0,0,0,0,0,0,0,0,0
40,125.424,2,1.9750831,2,2,.3754153,.8761062,4,.50166112,.3754153,.16943522,.48514852,1.3741497,4.0170069,.33084947,.33084947,.61711711,.61711711,2,2,5,7,6,12,5.3498535,.30254227,.96977317,.080814436,.19007562,92.805206,1,.75321281,.73972148,.50502342,.40494722,.40120712,.37709278,.35404518,.32323411,.27877539,.1063048,.0082516074,-.04419845,-.088612147,-.097770929,-.14089023,-.14177839,-.22776628,-.23908871,-.44898024,-.49476838,-.52598196,-.57089972,-.60001272,-.63106781,8,11,19,1,21,.32890365,0,.3754153,.091362126,.078073092,.12292359,0,.0033222591,0,0,0,0,0,0,0,0,0
41,93.079002,2,1.1474359,2,2,.41666666,.96923077,3,.41987181,.57051283,0,.3548387,1.9375,3.6354167,.24418604,.24418604,.78571427,.85714287,5,5,5,11,9,14,3.6957853,.47289291,2.0456922,.085237183,.35869747,117.31969,0,.71926039,.67378485,.60472977,.59271753,.47265461,.41450834,.34858108,.33631265,.23133551,.21354501,.15692686,.002188564,-.091910489,-.11510351,-.12606075,-.2725825,-.42877415,-.47213095,-.48186222,-.4969959,-.49745199,-.58713567,-.59326977,-.60326719,5,21,0,15,11,.40384614,.15384616,.41666666,0,0,.009615385,0,.01602564,0,0,0,0,0,0,0,0,0
42,161.96201,2,5.4741936,4,3,.40967742,.86220473,3,.91612905,0,.50645161,.51111114,1.2367865,7.1374207,.19777159,.39275765,.98591548,.75177306,12,4,6,9,4,26,4.4331388,.36565095,.82214212,.27404737,.13088506,109.47012,1,.8956666,.60590655,.56465203,.42925438,.3200545,.29770198,.23692553,.23321599,.20747802,.17405014,.071128853,.044773553,-.16398168,-.17034939,-.17209463,-.19970708,-.26597258,-.3376309,-.34040871,-.38320827,-.38674587,-.5084976,-.57541919,-.57679218,16,2,15,18,1,.056451611,0,0,.096774191,.40967742,.011290323,0,.3532258,0,0,0,0,0,0,.072580643,0,0
43,91.521004,1,2.1216216,2,1,.47297296,.48571429,3,.50675678,.48648649,.25675675,.48305085,2.3599999,6.1199999,.20481928,.22289157,.85294116,.91891891,3,9,5,9,6,17,1.8137914,.4985047,1.2351012,.12351012,.2948114,121.44754,0,.8564648,.7787745,.76005113,.6626789,.31524035,.31056303,.31037635,.24416673,.19792028,.1436781,.082612306,.07375671,-.13140959,-.16866672,-.18250827,-.21233176,-.23854518,-.36401543,-.37165177,-.37381279,-.60486329,-.68793911,-.69553363,-.70500559,13,17,0,21,6,.2027027,.013513514,.47297296,.22972973,.027027028,.0067567569,0,.047297295,0,0,0,0,0,0,0,0,0
44,55.119999,1,1.8993288,2,2,.38255033,.91228068,3,.44966444,.4295302,.080536909,.39175257,2.5526316,7.3157897,.33986929,.33986929,.51923078,.75,2,2,4,8,7,14,2.7757621,.35253051,.94626611,.23656653,.16698813,126.81422,0,.70804536,.63642687,.57652801,.50721806,.40705827,.38826567,.33675665,.26680836,.26439372,.17735994,.067038156,.054133195,-.031462722,-.10061947,-.20721337,-.2452361,-.34384453,-.44185781,-.44204718,-.45776629,-.50085694,-.50349563,-.53581315,-.57981902,1,13,14,8,23,.3489933,.046979867,.38255033,.080536909,0,.10067114,0,.006711409,.020134227,0,.013422819,0,0,0,0,0,0
45,144.955,1,2.1880343,0,2,.29914531,.87142855,4,.47435898,.33333334,.16239317,.41463414,1.4513274,4.4424777,.32499999,.32916668,.85897434,.98734176,5,7,4,11,10,14,1.6556863,.60397917,3.6352351,.1136011,.69230163,66.020493,1,.80354422,.79069436,.41640621,.38983509,.37400565,.27371716,.26551598,.23919742,.22948536,.15168232,.12658407,-.097458996,-.1264279,-.23601566,-.25592092,-.26619509,-.26705462,-.30605114,-.34494409,-.35921881,-.38628075,-.45865032,-.46382508,-.49262449,23,10,20,1,13,.29914531,.072649576,.26068377,.13247864,.02991453,.1923077,0,.004273504,0,0,.008547009,0,0,0,0,0,0
46,170.392,1,1.876652,0,2,.43171805,.6122449,3,.62114537,.26431718,.15418503,.36434108,1.6125,5.3000002,.23829786,.34893617,.96428573,.68292683,3,3,5,6,5,14,1.3791727,.71440953,1.2528824,.62644118,.21764319,47.889572,0,.84333402,.77263415,.69535893,.54547656,.3598468,.31181037,.2994794,.19730531,.15210868,.082449563,-.0073857279,-.015510719,-.0497103,-.12424123,-.13174784,-.21859908,-.2801533,-.34413177,-.37129709,-.42909765,-.53163111,-.54353154,-.59001631,-.62275016,1,21,5,11,14,.43171805,0,.26431718,.088105731,.066079296,.11453745,0,.035242289,0,0,0,0,0,0,0,0,0
47,40.021999,2,1.2243589,0,2,.48717949,.67105263,3,.66666669,.32692307,.17948718,.5,1.6326531,3.7755103,.203125,.30208334,.92307693,.96551722,4,8,6,8,4,19,4.7973614,.27407041,.74114817,.12352469,.10427161,121.43321,1,.81567669,.59285265,.5581966,.49436262,.32880887,.29612547,.2900295,.26455602,.26152045,.18341264,.033614542,.0043092039,-.091826595,-.15623786,-.17825738,-.19291076,-.30276623,-.31452906,-.36188391,-.37451589,-.43711275,-.53842747,-.57489729,-.60010004,6,18,4,7,23,.48717949,0,.32692307,.17948718,0,.006410256,0,0,0,0,0,0,0,0,0,0,0
48,55.563999,1,2.7160494,2,10,.8888889,.083333336,1,.11111111,.8888889,.012345679,.5316456,1.7173913,4.521739,.41379312,.41379312,.6388889,.77777779,2,2,3,4,3,12,1.565762,.63866669,1.8835254,.23544067,.46531156,63.710316,0,.57873988,.50778204,.45580655,.36735341,.2712374,.229683,.18092094,.18043105,.15657669,.13502724,.13170402,.1231091,-.099001192,-.1645321,-.1903473,-.1938874,-.1950379,-.19666213,-.32648391,-.34439981,-.37745237,-.39436832,-.4039551,-.43224385,7,23,2,16,11,.024691358,0,.8888889,0,.012345679,0,0,0,0,0,0,0,.074074075,0,0,0,0
49,101.736,1,3.0754716,4,3,.28930819,.82608694,3,.56603771,.3144654,.43396226,.39864865,1.804878,5.9024391,.28248587,.28248587,.57999998,.72000003,3,5,5,10,8,13,1.7397971,.51143658,1.660996,.2076245,.27120864,72.245811,1,.77600181,.65051794,.57632637,.31408045,.25770673,.22858436,.20471495,.099134646,.079663523,.057081066,-.074993953,-.076285213,-.081990771,-.12959346,-.14770235,-.21138696,-.21317138,-.21649037,-.22841689,-.25663099,-.35431355,-.38905671,-.41905496,-.44472429,23,9,13,7,11,.069182388,.2389937,.075471699,.1446541,.28930819,.075471699,.03773585,.062893085,.006289308,0,0,0,0,0,0,0,0
50,100.692,1,1.5535715,3,3,.51785713,.93103451,2,1,0,.51785713,.50344825,1.074074,3.2,.64238411,.64238411,.556701,.556701,3,9,2,2,2,3,2.9992452,.29487705,1.0827097,.13533871,.10800859,110.83304,1,.75968099,.63392615,.47948429,.46523288,.12681523,.12408911,.085022293,.061514661,.039045628,.037620354,-.035342,-.035606146,-.068453982,-.081903115,-.087048545,-.090285547,-.12033681,-.1575229,-.27414963,-.2916286,-.35900995,-.40257621,-.40368503,-.40488309,1,18,11,15,17,.48214287,0,0,.51785713,0,0,0,0,0,0,0,0,0,0,0,0,0
51,32.615002,1,1.054054,0,1,.54054052,.30000001,4,.72972971,.27027026,.16216215,.58823532,1.2592592,2.7777777,.29268292,.29268292,.83333331,.83333331,5,5,4,5,5,7,2.5141807,.37249032,1.0353968,.1294246,.17433433,115.89759,0,.60442036,.58840656,.48824626,.46738568,.41573203,.4155764,.29733986,.21500188,.15636669,.13097049,.060369577,.036410213,-.063769653,-.092373326,-.13185181,-.22371162,-.25418705,-.39618957,-.39815748,-.40462121,-.40501896,-.40959013,-.484698,-.61205721,5,14,13,6,23,.54054052,.16216215,.10810811,.16216215,0,0,0,.027027028,0,0,0,0,0,0,0,0,0
52,86.417,1,1.247619,0,2,.48095238,.86138612,3,.58571428,.41428572,.10476191,.40366971,1.2528735,2.9885058,.40552995,.40552995,.96590906,.96590906,2,2,3,3,3,4,2.51108,.39823502,1.0136892,.25342229,.19245003,118.37949,1,.48011905,.47877404,.4311021,.39980763,.33379373,.29454124,.19343421,.18517965,.18500273,.16371685,.065615654,.058554363,-.0443132,-.082835257,-.13642836,-.15684816,-.20197219,-.23342314,-.30961215,-.37272266,-.39172539,-.4119468,-.44372204,-.48409194,3,17,12,7,23,.48095238,0,.41428572,0,.10476191,0,0,0,0,0,0,0,0,0,0,0,0
53,151.10201,1,.50612247,0,3,.84081632,.13592233,2,.95510203,.020408163,.11428571,.41025642,1.5599999,4.8400002,.65789473,.65789473,.47428572,.47428572,3,3,2,4,4,8,1.7604003,.56805265,5.4653916,.16074681,.89638472,93.314453,0,.69487631,.62543422,.58111304,.45571828,.20674543,.1498623,.14937121,.058266968,-.01174331,-.025397573,-.029233927,-.052879777,-.083601817,-.12999071,-.13078992,-.18989827,-.20720629,-.21078356,-.23897022,-.28225166,-.29734153,-.33341512,-.34544387,-.35244021,20,6,5,13,10,.84081632,0,.020408163,.11428571,0,.024489796,0,0,0,0,0,0,0,0,0,0,0
54,179.01601,1,.99130434,0,2,.55652171,.46875,3,.59420288,.36231884,.031884059,.27450982,2.283582,4.9104476,.28184283,.28184283,.81730771,.81730771,2,2,4,10,9,13,2.0612683,.48150876,2.6785436,.22321197,.2494594,67.200699,0,.79949313,.5483256,.53869075,.50953645,.47821575,.41001186,.34245926,.26145163,.11370187,.097048827,.087851249,.074815787,-.0066305189,-.20438273,-.21657149,-.2286016,-.26955587,-.29213086,-.41934389,-.42654774,-.51349068,-.52545691,-.54889393,-.60999602,23,2,14,12,9,.55652171,.10144927,.26086956,.026086956,.0057971012,.04057971,0,.0057971012,.0028985511,0,0,0,0,0,0,0,0
55,139.771,1,1.6209151,1,2,.29738563,.85714287,4,.46732026,.5163399,.2647059,.54098362,1.6052631,3.2434211,.34293947,.34293947,.52941179,.52941179,1,1,5,8,8,10,2.4826324,.36127523,.77650553,.1294176,.15307811,115.90387,0,.80725598,.58674055,.36776304,.2812888,.26956519,.2102997,.15382525,.14155354,.091826342,.066918336,.065515734,.025075212,-.037866727,-.063819706,-.076581836,-.13911732,-.15347229,-.30804092,-.32720983,-.32946554,-.38825923,-.38931051,-.39252764,-.46195614,7,20,10,14,1,.20261438,.29738563,.21895425,.25490198,.0098039219,.016339868,0,0,0,0,0,0,0,0,0,0,0
56,55.006001,1,1.4833333,0,2,.58333331,.29523811,3,.66666669,.19444445,.050000001,.34666666,1.744186,6.0232558,.24468085,.35106382,.86956519,.71212119,5,7,4,13,9,20,3.417809,.27217218,.42640311,.10660078,.095999926,140.71193,0,.83441782,.74721581,.63906676,.50520992,.41646063,.38742769,.32794282,.28579271,.26761666,.09841875,.053386077,.0071236012,-.0021087921,-.10504469,-.18375129,-.31639588,-.40807688,-.40907985,-.46338928,-.48281744,-.52182305,-.52411187,-.57207823,-.58140188,14,9,22,0,19,.58333331,.022222223,.17222223,.044444446,.0055555562,.12222222,.011111111,.033333331,0,.0055555562,0,0,0,0,0,0,0
57,77.378998,1,1.1870503,0,2,.52517986,.53424656,3,.58992803,.41007194,.021582734,.18181819,2.75,6.5833335,.34931508,.34931508,.58823532,.58823532,3,9,4,7,7,10,1.8868169,.46076956,5.5270715,.15791632,.78644019,94.987015,0,.69887578,.58224833,.57733339,.45320281,.4268316,.40892655,.27891859,.22101635,.19242401,.16027783,.12034468,-.02084971,-.085977107,-.1088299,-.11048345,-.23894612,-.28983018,-.34530655,-.37218118,-.39446864,-.45951533,-.55076367,-.56236672,-.58088136,18,2,22,5,14,.52517986,.1294964,.28057554,.021582734,0,0,0,0,0,0,.043165468,0,0,0,0,0,0
58,134.90401,1,1.0967118,0,2,.55319148,.51748252,3,.68471956,.30367506,.12379111,.46551725,1.9333333,4.7083335,.30129391,.30129391,.77300614,.77300614,2,2,4,9,8,13,3.9954338,.24858791,.91512042,.076260038,.1098237,98.347717,0,.69970369,.67988187,.56931919,.52844423,.44717839,.40887016,.33021989,.28885365,.20361061,.17513186,.11086195,.11042393,-.07161025,-.090010136,-.21938789,-.22541174,-.27053308,-.35070971,-.44220233,-.48184651,-.53363216,-.57888603,-.59119588,-.69707364,23,1,17,10,11,.55319148,.017408123,.28626692,.10058027,.023210833,.011605416,0,.0077369441,0,0,0,0,0,0,0,0,0
59,82.485001,1,1.2833333,1,1,.57499999,.33333334,4,.23333333,.76666665,.10833333,.2857143,1.8103448,2.6379311,.49668875,.49668875,.40000001,.40000001,1,1,4,5,5,5,1.8306359,.43292668,1.0267842,.1711307,.30940977,87.652298,1,.52106857,.51845568,.46375516,.2389873,.21987091,.1783977,.11427221,.10396472,.077155553,.074107036,.067838132,.047077484,-.11490413,-.13232014,-.17104243,-.19843888,-.20223036,-.2278602,-.24698682,-.24728777,-.25330034,-.26292345,-.2788671,-.28878891,12,11,4,16,3,.125,.57499999,.19166666,.10833333,0,0,0,0,0,0,0,0,0,0,0,0,0
60,136.179,1,1.173913,2,2,.48913044,.93333334,2,.5,.49456522,.043478262,.36000001,1.5151515,3.2121212,.33644861,.33644861,.95833331,.95833331,4,4,3,7,7,10,1.5714611,.55027407,1.9736087,.21928985,.35330224,68.402618,0,.73043257,.51515424,.43187395,.4162465,.29741326,.29616392,.12633891,.077307642,.056628183,.027214704,.023825528,-.024157524,-.048755631,-.051444624,-.0827161,-.11991441,-.16401839,-.26427242,-.31065351,-.31775686,-.32127258,-.38525242,-.43843332,-.46995163,13,17,0,21,11,.45652175,.0054347832,.48913044,.010869565,.032608695,.0054347832,0,0,0,0,0,0,0,0,0,0,0
61,160.312,1,2.1544502,2,1,.43455496,.46987951,5,.33769634,.63874346,.19895288,.38260868,2.5,6.2119565,.32492998,.32492998,.75,.78160918,3,7,3,11,8,17,4.2666798,.23437427,3.1053171,.12938821,.15536128,231.86037,0,.84104156,.74955559,.55035836,.39055735,.38863823,.30494803,.24696681,.096493617,.04993391,.014782362,-.027991293,-.045112886,-.067585438,-.10068575,-.12437721,-.15961547,-.18974228,-.27702227,-.31382084,-.34966895,-.42743105,-.46142915,-.53963184,-.54916137,18,0,20,13,9,.099476442,.20418848,.43455496,.10732985,.091623038,.023560209,0,.039267015,0,0,0,0,0,0,0,0,0
62,130.13,1,2.4738371,0,5,.4505814,.29677421,4,.70058137,.13662791,.1627907,.3968254,1.7181818,7.6272726,.2924282,.33159268,.66071427,.88188976,2,5,5,6,5,12,2.9432106,.31230927,1.3144444,.10953704,.15469125,136.93999,0,.94010788,.65644908,.543603,.45359197,.41753191,.40897954,.38930741,.263769,.10146338,.07930281,.042603768,.034124278,-.19909379,-.23883012,-.27623698,-.28754756,-.29297683,-.30846429,-.38400987,-.41256022,-.44401672,-.49280936,-.49365297,-.50063533,2,23,3,11,18,.4505814,.046511628,.090116277,.046511628,.11627907,.13372093,0,.061046511,.029069766,0,0,0,.02616279,0,0,0,0
63,156.683,2,.91336632,0,2,.58663368,.49789029,2,.63118809,.3490099,.044554453,.45808384,1.1971326,4.2867384,.32369941,.50289017,.8035714,.65134102,17,5,4,16,9,30,5.0164981,.32566804,1.3391709,.055798788,.15461756,134.41151,0,.79565895,.72134054,.57294506,.50726837,.33846316,.32986668,.24754609,.23480789,.16041209,.11838552,.056683473,-.089879565,-.14775553,-.14834853,-.17072862,-.29032725,-.33867335,-.36338481,-.36551204,-.38210908,-.42769748,-.43529034,-.45248869,-.47118253,12,7,21,4,17,.58663368,.056930695,.29207921,.017326733,.027227722,.014851485,.002475248,0,0,.002475248,0,0,0,0,0,0,0
64,223.51401,2,1.9322034,2,2,.44858757,.38035265,4,.36497176,.58644068,.19096045,.37057221,1.9265091,4.4645667,.19301848,.22997947,.82978725,.84821427,4,5,6,17,12,17,4.3576689,.34316587,1.7613397,.08806698,.2408094,85.162453,0,.91096431,.73973584,.59496707,.56960696,.41658625,.38338983,.26012447,.18754034,.16971608,.16794652,.014788931,-.049217552,-.074089244,-.10718464,-.14140309,-.20272563,-.211603,-.21392711,-.42902145,-.49546534,-.49798456,-.5583995,-.69438791,-.73995763,11,4,22,2,16,.17062147,.1378531,.44858757,.1559322,.035028249,.044067796,.001129944,.0022598871,.0022598871,0,0,0,.001129944,.001129944,0,0,0
65,169.42599,1,1.691689,0,1,.43967828,.35365853,4,.74530834,.20911528,.27613941,.25358853,2.0096154,6.0192308,.24413146,.25586855,.57692307,.85321099,8,4,5,18,10,26,2.5143721,.38178453,1.6417248,.10944832,.28575787,91.367325,0,.84359866,.68238473,.495114,.42953992,.38797134,.34478229,.24436238,.19390978,-.061947703,-.066663556,-.078524984,-.086311303,-.11641751,-.12004223,-.12088099,-.12151368,-.12436183,-.17341338,-.27430546,-.36906686,-.41202319,-.49515772,-.49980825,-.50122446,5,22,4,11,17,.43967828,.15549599,.053619303,.13404825,.14209116,.026809651,.01608579,.029490616,.002680965,0,0,0,0,0,0,0,0
66,140.01401,2,1.1308725,0,2,.64765102,.26943004,2,.7214765,.23825504,.030201342,.47619048,1.75,5.4499998,.49100256,.57583547,.42408377,.36160713,8,8,2,12,9,24,2.7782936,.38055855,1.8878292,.1048794,.2219785,95.34761,1,.75790745,.69237864,.45672852,.43912476,.3772901,.36430845,.17052206,.12506625,.058375474,.035673127,.014452121,-.013498265,-.052182518,-.12318253,-.1786492,-.19092874,-.28580379,-.29874188,-.32608822,-.36405402,-.39411083,-.40107709,-.42995819,-.43355164,8,19,1,12,21,.64765102,.063758388,.17449665,.010067114,.020134227,.040268455,0,.023489933,0,0,0,0,.020134227,0,0,0,0
67,83.603996,1,2.0895522,0,5,.47761193,.625,3,.62686568,.074626863,.14925373,.42857143,1.1864407,4.6610169,.35971224,.35971224,.68000001,.68000001,2,10,4,5,5,7,1.6625999,.5672068,1.5874177,.26456961,.28484619,56.69585,1,.7042737,.63570517,.61959219,.44161174,.41375956,.40532598,.23667976,.23526241,.23212175,.23009174,.17646611,-.077342823,-.10330863,-.11864688,-.14132835,-.20088875,-.23370542,-.43579653,-.4373053,-.46073505,-.48502663,-.49048203,-.50718671,-.63913697,11,6,23,1,19,.47761193,0,.074626863,.14925373,0,.29850745,0,0,0,0,0,0,0,0,0,0,0
68,137.554,2,1.4521073,0,2,.4789272,.49599999,3,.67432952,.2835249,.18390805,.3943662,1.6771654,4.4566927,.15555556,.29074073,.8214286,.72611463,4,8,3,18,9,27,3.009727,.31657502,1.505379,.18817237,.20366582,159.4283,0,.85839158,.6970129,.62164569,.61704785,.4531008,.40996301,.33938074,.2104165,.20057873,.16065143,.023779949,.0081274221,-.058704723,-.085799359,-.22343482,-.27973884,-.29694772,-.31005153,-.40255836,-.45740104,-.54748112,-.63704491,-.64955759,-.65137666,4,7,21,5,19,.4789272,.045977011,.23754789,.1724138,.011494253,.026819924,0,.003831418,.015325671,0,.003831418,0,.003831418,0,0,0,0
69,44.855999,1,1.7058823,0,2,.39495799,.89361703,4,.63025212,.36134455,.21008404,.6111111,2,5.4444447,.2734375,.3203125,.94285715,.9512195,2,2,4,9,5,17,2.8535759,.35043749,1.0536644,.15052348,.18919516,99.652222,0,.60563064,.57774585,.51796037,.36573091,.34241721,.33657554,.21533719,.16902836,.1430176,.12373896,.10057931,.093008928,.031623594,-.040547438,-.16813092,-.23405571,-.2478542,-.24921219,-.29211748,-.30315623,-.48908693,-.51073802,-.52225202,-.56524324,17,7,10,23,2,.39495799,.0084033608,.35294119,.1092437,.10084034,.0084033608,0,.016806724,0,0,0,0,.0084033608,0,0,0,0
70,22.816999,1,.7352941,0,2,.75,.13725491,2,.88235295,.10294118,.13235295,.64705884,1.8888888,5.3333335,.45833334,.45833334,.75757575,.75757575,1,1,3,5,5,7,3.1555419,.29577592,.57042497,.19014166,.10457258,157.7771,0,.56755412,.52583498,.48456943,.31953493,.31922302,.31423262,.19613199,.11277829,-.03451702,-.03723501,-.039730217,-.058070157,-.058111157,-.08410538,-.12367071,-.14482689,-.14666763,-.21100146,-.2626619,-.26893273,-.29424125,-.32650071,-.33100098,-.41858622,23,11,14,12,6,.75,0,.10294118,.073529415,.05882353,.014705882,0,0,0,0,0,0,0,0,0,0,0
71,135.968,1,1.538071,2,1,.59898478,.41525424,3,.13705584,.84771574,.005076142,.52631581,2.2207792,3.8961039,.26576576,.26576576,.91525424,.91525424,3,3,5,6,6,9,1.6327372,.55421519,2.8738282,.17961426,.41644016,83.512299,1,.74925762,.50558758,.423509,.33066311,.29320598,.28110215,.24846293,.21403548,.21363853,.13644744,.045092035,.02029689,-.041797549,-.15030243,-.19875927,-.21487302,-.24570073,-.26119128,-.27681157,-.2789036,-.38984308,-.39894575,-.4535284,-.55064213,5,14,13,1,23,.13197969,.24873097,.59898478,.005076142,0,.015228426,0,0,0,0,0,0,0,0,0,0,0
72,66.308998,1,3.2249999,0,5,.38749999,.77419353,2,.64999998,.050000001,.15000001,.42857143,1.6333333,8.4333334,.40963855,.42168674,.58823532,.97142857,7,5,4,5,4,12,1.2517154,.79164088,1.8084272,.60280907,.29483587,99.533997,0,.80870724,.74644828,.6348933,.57025146,.46708453,.25234994,.21681763,.15745713,.076215424,.047250319,.044742987,.0033990741,-.04686391,-.05061271,-.33406299,-.34798068,-.3512924,-.36217743,-.36437616,-.38732788,-.42264155,-.43508288,-.45737883,-.4658199,18,9,7,19,5,.38749999,0,.050000001,.075000003,.075000003,.30000001,0,.050000001,0,0,0,0,.0625,0,0,0,0
73,58.863998,1,1.5454545,2,2,.49242425,.56923079,4,.38636363,.58333331,.10606061,.37894738,2.5,5.3157897,.30496454,.30496454,.86046511,.86046511,2,2,4,7,7,9,2.3953519,.35744607,1.154196,.19236602,.2216302,77.976349,0,.63061816,.62846512,.54534662,.44381422,.36742619,.35515097,.29857695,.22061463,.15285917,.058366422,.024186645,-.015734736,-.020758415,-.077343583,-.13304016,-.23710217,-.2875452,-.2986466,-.35446852,-.39304501,-.39466363,-.48885602,-.5023703,-.52185071,9,16,4,22,0,.28030303,.090909094,.49242425,.10606061,0,.030303029,0,0,0,0,0,0,0,0,0,0,0
74,15.286,1,1.7692307,0,2,.42307693,.36363637,4,.65384614,.26923078,.1923077,.46666667,2.5,6.5,.4375,.4375,.35714287,.35714287,2,5,4,8,7,12,2.0934188,.40802473,.63691664,.21230556,.1572472,94.20385,0,.69777787,.67977041,.62768948,.50116783,.34108904,.28818703,.26134738,.21211362,.19863673,.1786602,.092041336,.018857872,-.026638245,-.057034407,-.25903654,-.29397315,-.30503213,-.37553316,-.43179575,-.4433524,-.46802962,-.46829039,-.48253065,-.48609233,0,12,19,8,20,.42307693,.11538462,.15384616,.07692308,.11538462,.07692308,0,.038461536,0,0,0,0,0,0,0,0,0
75,85.044998,1,1.6597939,2,2,.50515461,.46938777,4,.40206185,.59793812,.16494845,.43243244,1.8974359,4.025641,.21929824,.21929824,.75999999,.75999999,2,2,4,11,11,10,1.3404669,.67334557,2.208961,.13806006,.53599745,108.64836,1,.55401224,.49133494,.4563514,.30187076,.28980342,.25872001,.20069651,.12937187,.066803619,.015899129,-.0020344339,-.065505505,-.087945126,-.087980695,-.12284055,-.1268705,-.13328989,-.13355815,-.23867241,-.24947917,-.29165494,-.31980801,-.42723066,-.47799385,18,10,14,11,1,.2371134,.092783503,.50515461,.10309278,.06185567,0,0,0,0,0,0,0,0,0,0,0,0
76,82.328003,1,1.6653544,0,2,.53543305,.29411766,4,.68897641,.15748031,.13779527,.43220338,1.9344262,6.852459,.43609023,.43609023,.36206895,.38793105,3,7,5,8,6,15,3.2309785,.26572031,1.2048,.1004,.14987886,149.40239,1,.84555054,.67792886,.45687929,.38059697,.31648517,.28853077,.27175283,.26665345,.26046568,.16368598,.066105664,.045990709,-.10714418,-.11381409,-.17188393,-.26973537,-.30035108,-.34240878,-.36697483,-.40084931,-.42359877,-.47467524,-.52740717,-.54178315,18,1,14,20,3,.53543305,0,.15748031,.12204725,.015748031,.1456693,0,.015748031,.0039370079,0,0,0,0,.0039370079,0,0,0
77,82.266998,1,1.7702702,0,2,.45945945,.55882353,3,.45945945,.2972973,0,.4375,2.2857144,7.2857141,.44585988,.44585988,.71428573,.71428573,2,2,3,6,6,10,1.9084201,.52104986,.92434829,.11554354,.20102513,64.910599,0,.64950895,.53268367,.49646857,.48463231,.40290785,.3208088,.29995418,.26945937,.1922863,.12771845,.10048323,.051901493,-.071437657,-.076070569,-.13976638,-.26658863,-.31690753,-.35259303,-.38693649,-.40965447,-.42177817,-.48989013,-.49146155,-.50572854,13,14,8,21,0,.45945945,.040540542,.25675675,0,0,.24324325,0,0,0,0,0,0,0,0,0,0,0
78,94.603996,1,1.6294278,0,3,.50681198,.39247313,3,.80653954,.15531336,.25340599,.46961325,1.7572815,5.7184467,.31818181,.31818181,.89915967,.89915967,3,3,4,6,5,13,3.9533212,.25111556,1.2018657,.1716951,.14176588,174.72835,0,.89735687,.64496493,.60003537,.5820716,.48650208,.30274016,.29829386,.0161462,.0065908981,-.017810365,-.019785477,-.038232639,-.046507481,-.10160688,-.12334463,-.14560778,-.19474861,-.3246094,-.3577753,-.39988133,-.40671569,-.4749721,-.57580829,-.60729599,15,10,14,20,0,.50681198,.010899183,.14441417,.19891009,.054495912,.03814714,0,.046321526,0,0,0,0,0,0,0,0,0
79,106.179,2,.75526744,0,4,.81523502,.21272366,2,.99189627,0,.17666127,.48275861,1.137255,4.5294118,.5812102,.5812102,.62191778,.62191778,4,4,2,5,4,13,5.9051223,.33055454,3.7093101,.23183188,.2604416,129.40411,1,.63714206,.54606265,.49091622,.46911731,.33547992,.20537248,.11427521,.098475195,.067065544,.050889473,-.019164061,-.043135725,-.074351333,-.11907353,-.17376761,-.20585579,-.21771908,-.2325954,-.25676486,-.28020129,-.30236512,-.31080529,-.3879295,-.39106756,8,22,7,12,5,.81523502,0,0,.003241491,.17341977,.0048622368,0,0,.001620746,.001620746,0,0,0,0,0,0,0
80,115.186,1,1.4243902,0,3,.51219511,.53333336,3,.79024392,.15609756,.27804878,.47999999,1.4705882,4.25,.62447256,.62447256,.2972973,.2972973,3,3,3,7,7,10,2.0575416,.43687665,.63814956,.15953739,.16508877,94.021843,0,.71035391,.61049122,.60704684,.50824136,.2267884,.16842894,.13930298,.089440331,.031858031,.029760877,.012623667,-.041220579,-.048296668,-.085087679,-.13492389,-.18893024,-.20152184,-.22025783,-.27188709,-.30837625,-.3759793,-.38222012,-.43373734,-.44189775,7,13,9,22,0,.51219511,0,.15609756,.27317074,.0048780488,.04878049,.0048780488,0,0,0,0,0,0,0,0,0,0
81,31.978001,1,.83999997,0,2,.60000002,.33333334,3,.72000003,.28,.12,.40000001,1.4285715,2.7142856,.44827586,.44827586,.92307693,.92307693,1,1,2,5,5,5,.90687346,1.1026896,2.6648333,.2960926,.65472072,101.31966,0,.38788956,.38490894,.33444262,.30636477,.28622589,.27634931,.25135687,.1218904,.11136774,.1066317,-.044092435,-.064447008,-.067000046,-.15087411,-.15687396,-.17333277,-.18323237,-.18916646,-.21414484,-.24475801,-.24697013,-.25158185,-.25195676,-.32899714,11,17,18,3,0,.60000002,.079999998,.2,.12,0,0,0,0,0,0,0,0,0,0,0,0,0
82,59.124001,2,2,0,2,.40000001,.5,4,.60000002,.2,.2,.64999998,1.5151515,1.1212121,.23992674,.47069597,.97709924,.86381322,17,5,5,6,4,17,4.9387727,.33388656,1.1944243,.14930303,.16221642,200.93362,0,.75714868,.70468706,.64484447,.46422452,.46285474,.21717519,.20105907,.14188197,.071419246,.032497492,-.031274751,-.040819462,-.064490229,-.161579,-.20999698,-.24774025,-.31064066,-.31184626,-.35092962,-.35312068,-.3644349,-.39796978,-.42067167,-.43227828,12,7,17,5,18,.40000001,0,.2,.2,0,.2,0,0,0,0,0,0,0,0,0,0,0
83,192.745,2,1.8516747,2,2,.50717705,.49056605,3,.45773524,.50717705,.20893142,.28025478,2.1409092,5.2363634,.19791667,.32886904,.66165411,.74660635,12,10,5,10,5,21,3.4864717,.28500429,1.0475272,.06547045,.21624413,229.11101,0,.75705081,.68613374,.60174298,.56082475,.44302005,.41268006,.41250527,.27923772,.26256803,.18931569,.1327557,.054972351,-.089345932,-.13293768,-.2082891,-.21659653,-.30674034,-.39862517,-.49553442,-.50096577,-.57748353,-.57957131,-.61800641,-.66871095,22,1,14,13,9,.24880382,0,.50717705,.1738437,.03508772,.03508772,0,0,0,0,0,0,0,0,0,0,0
84,179.644,2,1.163915,2,2,.52004719,.78911567,2,.42924529,.57075471,.018867925,.44800001,1.4204545,2.7926137,.42134213,.42134213,.94516969,.94516969,2,2,3,6,6,7,5.0600076,.22851443,1.5986118,.099913239,.097974166,150.13026,0,.4615432,.45025873,.4368816,.36873713,.33641356,.33045056,.274822,.22243223,.22011568,.081904627,.035748884,-.0047458988,-.0055549452,-.084414393,-.09759479,-.17690077,-.22310275,-.25393915,-.30702245,-.31883812,-.37357286,-.44819376,-.45127439,-.47415394,2,18,7,10,23,.41037735,.050707549,.52004719,.0023584911,.016509434,0,0,0,0,0,0,0,0,0,0,0,0
85,157.855,1,1.9285715,0,3,.44217688,.5,3,.7482993,.1462585,.24489796,.60975611,1.9294118,6.5882354,.37573963,.37573963,.52755904,.57480317,3,9,4,12,9,16,2.1412055,.33657053,1.89426,.078927502,.17322855,95.023918,0,.58814394,.56206745,.54484004,.30042785,.27732059,.20187391,.071325697,.060487162,-.030206682,-.031809043,-.041249912,-.042932644,-.052084688,-.080716215,-.095948696,-.11029546,-.17746925,-.18075821,-.20613739,-.20864198,-.26991788,-.27906376,-.28198081,-.51727402,2,12,14,18,22,.44217688,.12244898,.023809524,.22108844,.023809524,.06122449,.044217687,.06122449,0,0,0,0,0,0,0,0,0
86,46.013,1,2.1833334,0,4,.28333333,.82352942,4,.70833331,.25,.41666666,.48837209,1.6226416,4.8679247,.24615385,.24615385,.8125,.8125,2,2,6,7,7,11,2.8252885,.32925224,.95117313,.11889664,.17168967,126.16,0,.77224016,.56452656,.53152704,.45867994,.44110593,.43971267,.35144925,.33233321,.2593179,.1824962,.13214794,-.040776692,-.044371832,-.082919016,-.15547296,-.32923782,-.40441644,-.40753195,-.41340289,-.42614692,-.50976324,-.53161114,-.54839289,-.57149291,1,20,4,13,15,.28333333,.06666667,.18333334,.18333334,.23333333,.041666668,0,.0083333328,0,0,0,0,0,0,0,0,0
87,56.331001,1,1.3563218,0,4,.59770113,.32692307,3,.91954023,.080459774,.29885057,.25714287,2.9166667,8.833333,.36363637,.36363637,.91666669,.91666669,7,7,3,5,5,10,1.7574693,.51465732,.6329326,.3164663,.15310486,94.796829,0,.87558407,.70903301,.58833045,.4547796,.37445837,.32873181,.28260738,.15253894,.027407391,-.036920529,-.038780078,-.046431594,-.10298193,-.12243704,-.12658879,-.18823534,-.19016029,-.29564998,-.33816808,-.36203057,-.3949317,-.45649791,-.54539788,-.54825932,0,20,12,8,9,.59770113,.057471264,.022988506,.10344828,.19540229,0,0,.022988506,0,0,0,0,0,0,0,0,0
88,92.561996,1,1.8584906,0,2,.38679245,.73170733,3,.48113209,.35849056,.061320756,.41538462,1.2037038,3.6018519,.36475411,.36475411,.71910113,.71910113,3,3,4,7,7,8,2.636071,.3295832,1.6191603,.26986006,.22395559,111.16873,1,.82774842,.60214072,.51723325,.42919919,.31956437,.31307849,.14877914,.090997972,.066888236,.0396786,.011931631,-.035187725,-.046949029,-.051911153,-.058172192,-.15114065,-.17576572,-.20638487,-.33326679,-.34757516,-.37039119,-.50917625,-.51711857,-.5642007,4,7,21,2,20,.38679245,.075471699,.28301886,.061320756,0,.16037735,0,.033018868,0,0,0,0,0,0,0,0,0
89,126.427,2,2.319797,0,3,.24873097,.95918369,5,.55837566,.2538071,.30964467,.60135138,3.1489363,9.638298,.26102942,.26102942,.87323946,.87323946,2,2,4,6,6,10,4.3028784,.23987052,1.4625231,.081251286,.17146905,184.61246,1,.70312357,.44381523,.39986375,.38311169,.34421441,.34336933,.27915111,.21721669,.1946011,.11931864,-.0080006616,-.093410023,-.11014487,-.13154601,-.1484063,-.18383126,-.20899452,-.22671422,-.32822868,-.33846471,-.35241467,-.41620997,-.42141575,-.46000388,5,19,6,18,1,.24873097,.12690355,.12690355,.23857868,.071065992,.18781726,0,0,0,0,0,0,0,0,0,0,0
90,185.494,1,2.8636363,0,3,.40909091,.66666669,3,.95454544,0,.46969697,.30769232,1.95,9.1000004,.35365853,.36585367,.75862068,.83333331,3,8,3,8,6,17,.44206282,2.0352426,12.037959,.13679498,2.5816369,109.65314,0,.89183921,.60540712,.54240143,.49459103,.43733713,.30922705,.16130544,.11413123,.006119905,-.028178506,-.02976482,-.036105458,-.089723773,-.094206117,-.14433835,-.18359211,-.23654555,-.29448614,-.29845271,-.31633905,-.376405,-.42981902,-.49406806,-.51033491,8,5,22,4,10,.40909091,0,0,.27272728,.1969697,.015151515,0,.060606062,0,0,0,0,0,0,0,.015151515,.030303029
91,292.66501,2,1.6457812,0,2,.42940685,.66731519,4,.57560569,.3283208,.12781955,.36057693,1.7405858,4.9456067,.12252747,.15604396,.97309417,.80281693,5,5,3,26,12,26,5.4430833,.25670105,2.4187191,.080623969,.19514574,186.04889,0,.53003126,.40646291,.37165886,.24235122,.18564615,.18098292,.10151501,.10110142,.09895464,.075956374,.060054347,-.008060324,-.018379671,-.060068745,-.1005605,-.11697754,-.14794731,-.1988001,-.20344529,-.23919809,-.24133009,-.32675728,-.33573946,-.35745072,12,0,4,19,22,.42940685,.041771095,.28654972,.10025062,.027568921,.091896407,.0033416881,.01754386,0,.00083542202,0,0,.00083542202,0,0,0,0
92,106.436,1,1.3388889,0,2,.40555555,.89041096,3,.46944445,.46666667,.063888893,.47663552,2,4.4859815,.35714287,.35978836,.50370371,.56617647,2,2,3,12,8,17,3.55143,.25992659,1.1353173,.070957333,.15314992,105.69732,1,.68010497,.64742482,.56000519,.52407795,.49264807,.38056403,.31612143,.22717197,.21584266,.16314223,.10148568,.063694701,.018611589,-.11299273,-.1814955,-.24976568,-.30217314,-.34689444,-.47971261,-.48297766,-.52403605,-.52808946,-.56574142,-.61701673,11,18,4,22,1,.40555555,.10555556,.3611111,.063888893,0,.063888893,0,0,0,0,0,0,0,0,0,0,0
93,158.927,1,1.3700305,0,3,.52599388,.64534885,2,.88990825,.09785933,.36391437,.5032258,1.8235294,5.1882353,.49725273,.49725273,.46408841,.46408841,3,3,4,7,7,7,2.2903597,.40171608,2.3632267,.29540333,.27078342,101.55606,1,.77199268,.58286673,.33175084,.30363321,.26717749,.20780958,.19523856,.091785483,.065764844,-.0039245398,-.006971777,-.021630498,-.085204929,-.08546257,-.16090816,-.18167235,-.21755189,-.2245072,-.25736356,-.27452454,-.28443918,-.29677027,-.3425703,-.37451771,15,7,4,22,8,.52599388,.0091743125,.088685013,.33944955,.024464833,.0061162082,.0061162082,0,0,0,0,0,0,0,0,0,0
94,68.782997,1,2.4666667,2,1,.49166667,.33898306,4,.42500001,.50833333,.26666668,.45714286,1.8103448,4.9310346,.33064517,.38709676,.85365856,.72916669,2,10,4,9,8,15,1.8027711,.54124266,4.2914872,.11920797,.59701306,125.83051,1,.68190253,.47549441,.38201037,.37221789,.32241264,.30824953,.2532537,.24742489,.22031935,.11012311,-.043962967,-.045402817,-.093883671,-.12548219,-.13740997,-.14043197,-.15636945,-.20793143,-.31541297,-.34178963,-.39882696,-.4463751,-.4592568,-.46087241,1,11,23,5,19,.125,.016666668,.49166667,.16666667,.1,.06666667,0,.033333331,0,0,0,0,0,0,0,0,0
95,47.497002,1,1.4761904,2,2,.47619048,.60000002,4,.38095239,.61904764,.095238097,.2,3.75,6.5,.38461539,.38461539,.60000002,.60000002,4,4,4,5,5,7,.54740298,1.7473813,4.1301737,.4589082,1.055483,43.581699,0,.58689481,.53878152,.45019561,.39183706,.23697595,.20688897,.19113843,.18052205,.17916326,.16803312,.14096846,.039463364,-.069303155,-.12503394,-.1303988,-.14632337,-.21741833,-.2315155,-.23465383,-.31600797,-.41834646,-.44972983,-.46298748,-.50914395,12,0,23,8,19,.2857143,.14285715,.47619048,0,.095238097,0,0,0,0,0,0,0,0,0,0,0,0
96,98.499001,1,2.6722221,0,3,.43888888,.59493673,3,.83333331,.1,.28333333,.24752475,2.1956522,10.195652,.27722773,.41584158,.78571427,.80952382,3,9,6,7,4,17,2.0507822,.44788691,1.4592445,.18240556,.26739714,82.234337,0,.81488979,.52678138,.50864202,.41476411,.3581112,.33872339,.26402363,.23243935,.13042226,.023178052,-.0095592607,-.036918614,-.081731729,-.12253442,-.14224449,-.16281834,-.20156454,-.20193173,-.23121521,-.3936249,-.47471443,-.48274267,-.53302974,-.53734505,10,22,1,19,5,.43888888,0,.1,.26111111,.022222223,0,0,.06666667,0,.06666667,0,0,.044444446,0,0,0,0
97,135.614,1,1.6860465,2,2,.51162791,.46212122,3,.3488372,.64728683,.07751938,.33502537,2.525641,5.5384617,.21851853,.21851853,.96610171,.96610171,2,2,5,7,7,9,1.9909449,.5022741,2.6418312,.1100763,.44710341,68.13456,1,.84394735,.71318662,.5688467,.40282086,.39501566,.36802316,.3586458,.35452506,.27850834,.20642254,.1971193,.018726783,-.13474952,-.14080995,-.15039366,-.25852326,-.27083206,-.46335626,-.47014591,-.50987154,-.54073209,-.54132706,-.54429233,-.68075448,15,13,5,23,2,.2364341,.13565892,.51162791,.050387599,.027131783,0,.003875969,.034883723,0,0,0,0,0,0,0,0,0
98,180.991,1,1.9640288,0,2,.33093524,.73913044,4,.61151081,.28057554,.2769784,.44086021,1.5897436,4.6495728,.36082473,.36082473,.7904762,.7904762,2,2,4,6,6,8,1.6078148,.61495811,1.6305496,.20381869,.29579943,73.594818,0,.75841475,.6811735,.53035575,.40258726,.30924258,.30688846,.21887384,.21616265,.18482463,.176671,.012664364,.0013193859,-.023440812,-.03701482,-.18847753,-.22204572,-.22219945,-.24052152,-.25771445,-.40066648,-.50887686,-.5452534,-.56964731,-.58331984,11,23,1,19,9,.33093524,.035971224,.24460432,.23381294,.043165468,.10791367,0,.0035971219,0,0,0,0,0,0,0,0,0
99,43.858002,1,1.1578947,0,2,.51127821,.44117647,3,.64661652,.33834586,.12781955,.56923079,1.8055556,4.1666665,.20979021,.20979021,.93333334,.93333334,5,5,5,10,10,11,3.2605226,.28425789,.53485364,.089142278,.1304853,168.27032,0,.80621213,.55770427,.53673333,.50212932,.43779582,.39630821,.33477744,.22290914,.20651759,.13508369,.11157481,-.040978894,-.061512314,-.07155776,-.12291664,-.27881679,-.30313623,-.37640464,-.42000225,-.43038857,-.46097356,-.53861994,-.56288368,-.57955444,21,6,18,1,12,.51127821,.11278196,.22556391,.067669176,.060150377,.0075187972,0,.0075187972,.0075187972,0,0,0,0,0,0,0,0
100,46.129002,1,1.1153846,0,2,.65384614,.22352941,3,.84615386,.14615385,.17692308,.35555556,1.5517242,4.4827585,.31788081,.31788081,.89583331,.89583331,7,5,4,4,4,7,3.2734289,.2595107,.70605612,.11767602,.1102884,127.46862,1,.88883561,.65514565,.53141433,.45927218,.38378838,.27823845,.26829764,.24781962,.2256806,.18402313,.098522775,-.046263047,-.15048286,-.18858528,-.21671681,-.223702,-.30505097,-.31842276,-.35284677,-.36782032,-.39634243,-.51365417,-.56889355,-.57225728,5,19,4,6,23,.65384614,0,.14615385,.030769231,.14615385,.0076923082,0,.015384615,0,0,0,0,0,0,0,0,0
101,28.714001,1,1.64,0,2,.51999998,.38461539,4,.68000001,.2,.12,.33333334,1.5,4.8125,.30769232,.30769232,1,1,5,5,3,5,5,9,1.8109633,.55219233,.89731252,.44865626,.18903011,66.866341,1,.76744485,.60005587,.57285726,.53442019,.47946128,.45863289,.38774636,.15705229,.15648165,.14887315,.12604763,.059282962,-.013418848,-.12893763,-.15584761,-.2650297,-.27228594,-.31079218,-.42671052,-.55600703,-.56265813,-.56975049,-.57070154,-.61621684,4,12,20,3,19,.51999998,0,.2,.12,0,.12,0,.039999999,0,0,0,0,0,0,0,0,0
102,210.03999,1,1.5503597,2,2,.40647483,.95575219,3,.56115109,.41007194,.16546762,.3764706,1.7346939,4.3571429,.25401929,.25401929,.78481013,.78481013,2,2,5,8,7,12,1.4806703,.5002315,2.1359999,.178,.37781626,84.269661,0,.81230563,.73909783,.63254863,.61933815,.44164789,.37586156,.303224,.28447881,.28366321,.23700713,.10792569,-.012937902,-.063290536,-.14567512,-.2065884,-.20949812,-.22315884,-.35028484,-.4634918,-.4804633,-.5983125,-.67471611,-.68283945,-.72584158,16,11,8,23,1,.38848922,.0035971219,.40647483,.13309352,.032374103,.025179856,0,.0071942448,.0035971219,0,0,0,0,0,0,0,0
103,79.536003,1,1.5080092,0,2,.47139588,.60194176,2,.64073229,.33867276,.11899313,.42424244,2.2211537,6.25,.24888889,.33333334,.8214286,.74666667,5,5,5,10,7,16,5.6578155,.17261223,.46512282,.077520467,.10495558,193.49728,0,.86514992,.80825114,.58025968,.54841298,.4824363,.38419789,.3695989,.23946419,.20705196,.086352833,.063929021,.041718218,-.020380424,-.19158132,-.21791746,-.32819697,-.37503499,-.38157958,-.43187851,-.4665395,-.48438147,-.53378004,-.60868806,-.63686472,1,14,13,9,21,.47139588,.05491991,.28375286,.045766588,.073226541,.020594966,0,.050343249,0,0,0,0,0,0,0,0,0
104,138.97701,1,.68269229,0,2,.58653843,.44262296,3,.59134614,.40865386,.004807692,.47093022,1.4576272,2.381356,.50232559,.50232559,.4537037,.4537037,2,2,3,6,6,7,3.0940371,.319498,4.3803639,.099553727,.3101387,150.67241,0,.63663554,.5951767,.51417434,.49489012,.2435759,.24098708,.19418779,.14378892,.1223808,.094757482,.073819309,.067303725,.0064137401,-.17287706,-.22040308,-.26795796,-.27871841,-.29449373,-.30223092,-.30250371,-.32677272,-.37436402,-.42244434,-.46532553,6,10,14,4,23,.58653843,.14903846,.25961539,.004807692,0,0,0,0,0,0,0,0,0,0,0,0,0
105,94.403999,1,1.5767195,0,1,.30158731,.80701756,4,.53439152,.46560848,.23280424,.41666666,1.8082192,4.0273972,.35960591,.35960591,.78082192,.78082192,3,9,3,4,4,7,2.1503327,.41786593,1.368174,.15201932,.24660252,65.781113,1,.78473657,.56847805,.36403984,.32579297,.30190891,.13964593,.13514091,.10417604,.091428675,.06223895,.038395882,-.018332651,-.062882759,-.077829629,-.11808437,-.13479942,-.14283021,-.14422688,-.26633129,-.31977242,-.33942026,-.34570014,-.45552343,-.49024928,6,23,3,18,7,.30158731,.24338624,.22222222,.042328041,.19047619,0,0,0,0,0,0,0,0,0,0,0,0
106,47.244999,1,4.0869565,7,7,.34782609,.5,4,.65217394,.17391305,.13043478,.36842105,1.5833334,7.6875,.42307693,.42307693,.72727275,.72727275,7,5,4,4,4,7,2.2012911,.42817086,.543046,.271523,.13414523,110.48788,1,.81457126,.78691512,.50961649,.47902149,.36723208,.35297102,.29833138,.27385396,.19759265,.15422145,.13950764,-.089002281,-.19761315,-.22720569,-.24678639,-.26698634,-.27498147,-.31052908,-.40241167,-.40320545,-.40411094,-.49669474,-.52184671,-.53246057,14,13,5,21,4,.17391305,0,.17391305,.086956523,.043478262,.17391305,0,.34782609,0,0,0,0,0,0,0,0,0
107,37.290001,1,3.5,0,7,.5,1,2,1,0,0,.56666666,1.2,8.1199999,.73846155,.73846155,.35416666,.35416666,7,7,2,2,2,7,1.7430947,.57369232,3.2815199,.29832,.58343124,100.56316,0,.75252235,.72836238,.42182666,.408548,.26445374,.25252828,.19086471,.13963072,.07440149,.061041139,.003801509,-.091439605,-.10393644,-.18379654,-.18916194,-.25803983,-.26631919,-.27764013,-.30892876,-.31224123,-.31231388,-.32109657,-.32488507,-.34818172,6,22,10,21,0,.5,0,0,0,0,0,0,.5,0,0,0,0,0,0,0,0,0
108,92.622002,3,.83065951,0,1,.60606062,.25294119,3,.70944744,.27807486,.099821746,.34959349,1.5279503,3.1987576,.27178729,.42983752,.58152175,.35738832,12,4,4,22,12,21,6.8234329,.3585228,1.1249635,.093746968,.07564602,160.00519,0,.84705073,.71034652,.45781356,.41954783,.34967303,.30835721,.26185068,.15150164,.099971652,.051231761,.012137256,-.10174736,-.13696058,-.17991322,-.18464465,-.26220265,-.30264747,-.30443081,-.3078177,-.32871374,-.34269971,-.34970695,-.40898162,-.45901534,18,0,15,19,8,.60606062,.15329768,.12477718,.071301252,.028520498,.0071301251,.001782531,.0035650621,.0035650621,0,0,0,0,0,0,0,0
109,18.844,1,4.3548388,2,3,.32258064,.89999998,4,.38709676,.32258064,.16129032,.67741936,1.55,6.5999999,.3125,.3125,.80000001,.80000001,2,2,4,6,5,12,1.6981533,.588875,.87646514,.21911629,.24150985,68.456802,0,.81223154,.64687937,.62670249,.51804185,.50386322,.45871401,.30029222,.28083155,.25452909,.053398397,.0046524652,-.001784691,-.005200787,-.10686391,-.15682289,-.15726759,-.34546039,-.37808713,-.41684034,-.46657082,-.57406181,-.60119128,-.60334605,-.64663851,23,0,19,7,11,0,0,.32258064,.16129032,0,.29032257,0,.16129032,0,0,.064516127,0,0,0,0,0,0
110,164.062,1,2.1017613,0,2,.48336595,.35627529,3,.74168295,.17221135,.18003914,.32196969,1.8333334,7.4097223,.23869801,.41048825,.719697,.33039647,12,5,4,17,12,18,3.370677,.27272716,1.6217002,.067570843,.15699616,221.98924,0,.83367336,.65346181,.62097353,.55291343,.39875662,.25490257,.13967422,.11679579,.11286457,.068106912,-.0091417339,-.036381811,-.14071989,-.22148785,-.23150733,-.2526263,-.26154855,-.27831912,-.30161256,-.36133137,-.39258268,-.39979342,-.42862952,-.43644065,5,8,17,9,20,.48336595,0,.17221135,.14872798,.031311154,.080234833,.0019569469,.037181996,0,.0039138938,.0078277886,0,.033268102,0,0,0,0
111,83.588997,1,2.0153847,0,3,.38461539,.69999999,4,.69230771,.16153847,.30769232,.41249999,1.3333334,4.2833333,.63698632,.63698632,.31182796,.31182796,3,3,3,5,5,10,1.7466413,.51527464,2.476711,.30958888,.38565198,96.902702,1,.86173642,.53465092,.44054949,.3717775,.31319863,.30431762,.26873481,.084672898,.043024871,-.010820626,-.018584553,-.030878616,-.057309981,-.097481646,-.13206553,-.1759555,-.19562253,-.19657537,-.22760117,-.34082374,-.41958028,-.43663484,-.43964314,-.44308564,2,20,7,17,1,.38461539,0,.16153847,.26923078,.038461536,.14615385,0,0,0,0,0,0,0,0,0,0,0
112,135.737,1,.29764453,0,4,.94004285,.029612755,1,.96788007,.0042826552,.02783726,.42857143,1.4,6.6999998,.80961925,.80961925,.14356436,.14356436,4,8,2,4,4,9,3.6762269,.26263809,2.7303419,.097512215,.23099075,153.82689,0,.77160317,.65594691,.48265055,.38039941,.24921329,.23992956,.21930043,.1476167,.0059135938,-.033833206,-.045214359,-.08448071,-.11138206,-.13615637,-.1559571,-.22554876,-.22703879,-.27164078,-.27629316,-.27646518,-.29001623,-.31831595,-.34849238,-.35173854,18,8,14,3,21,.94004285,.0042826552,0,0,.02783726,.017130621,0,0,0,.010706638,0,0,0,0,0,0,0
113,33.202999,1,2.139535,2,2,.41860464,.58333331,3,.53488374,.41860464,.24418604,.36923078,1.5853659,4.3658538,.27272728,.27272728,1,1,5,7,4,5,5,9,2.650363,.29749191,1.2770385,.10641987,.2541292,93.967415,0,.79137862,.74342746,.62503165,.4853107,.41058919,.37598228,.32813811,.31360093,.21221264,.070593037,.03620445,.0039802408,-.086186908,-.087676801,-.19091205,-.20738506,-.38747704,-.39945123,-.40653834,-.46903691,-.47267875,-.55707043,-.55843788,-.57359791,14,12,10,23,1,.24418604,0,.41860464,.23255815,.011627907,.046511628,0,.046511628,0,0,0,0,0,0,0,0,0
114,74.488998,1,1.3168317,0,2,.44554454,.91111112,2,.57425743,.41584158,.12871288,.4107143,1.6969697,3.969697,.59292036,.59292036,.43283582,.43283582,2,2,2,6,6,8,1.5170025,.65919471,1.3897202,.27794403,.33659616,53.967701,0,.68220931,.63185698,.45747703,.44056016,.2505106,.17119075,.13500151,.11299154,.08900483,.052265331,.045554519,-.0068710772,-.074318454,-.11689243,-.15431497,-.1950987,-.21578178,-.25612271,-.2830826,-.3235209,-.32620329,-.33279508,-.38386711,-.39975342,21,4,7,15,8,.44554454,.0099009899,.40594059,.069306932,.059405942,.0099009899,0,0,0,0,0,0,0,0,0,0,0
115,133.185,1,1.5425532,0,2,.4716312,.63909775,3,.64893615,.33333334,.14539008,.24832214,2.0985916,6.0704226,.29109588,.29109588,.85882354,.85882354,4,4,4,8,7,14,2.1924391,.39968666,6.5905981,.13730413,.54364461,109.24654,0,.90319127,.54809582,.54403615,.54176158,.49202529,.37969944,.20268658,.096998714,.064996518,.0086843511,-.031989805,-.057383832,-.082738116,-.085500069,-.1008663,-.12185572,-.19247505,-.31368896,-.40223846,-.41270813,-.4183979,-.45428306,-.54991931,-.55813098,4,12,14,9,19,.4716312,.031914894,.30141845,.11347517,.031914894,.017730497,0,0,0,0,0,.031914894,0,0,0,0,0
116,68.110001,2,2.2816455,2,1,.37341774,.67796612,3,.50949365,.42405063,.25632912,.22580644,2.8837209,8.2906981,.25274727,.32417583,.69565219,.62711865,2,7,4,11,7,19,5.344296,.27009699,1.1845218,.14806522,.15050219,101.30671,0,.79803962,.61668813,.58400863,.54146004,.46181956,.42261192,.29575136,.27794048,.19639997,.12699263,.1241925,.048274212,-.078818314,-.16297655,-.20556201,-.24256876,-.25379351,-.3716754,-.39487863,-.40208042,-.55229187,-.58223546,-.61073673,-.63656151,12,9,23,0,17,.21518987,.050632913,.37341774,.25316456,.003164557,.0664557,0,0,0,0,.037974685,0,0,0,0,0,0
117,95.634003,1,2.2183907,2,2,.33333334,.82758623,3,.61494255,.33333334,.28160921,.48412699,1.880597,5.6865673,.12254902,.15196079,1,.87096775,7,1,4,16,11,17,2.1331325,.35647887,.74714065,.24904688,.12272713,120.45925,1,.5758096,.50634348,.38355777,.33196786,.27427685,.22948809,.1701306,.11205532,.10412746,.089406677,.05138427,.045914706,-.056752015,-.058606703,-.075683504,-.10087949,-.14274634,-.14700148,-.25246239,-.28693655,-.33119497,-.35121039,-.43559182,-.63539702,11,2,23,13,15,.27586207,0,.33333334,.23563218,.045977011,.05172414,0,.057471264,0,0,0,0,0,0,0,0,0
118,190.722,1,.98008537,0,3,.7496444,.17836812,2,.96159315,.014224751,.18492177,.4375,1.7087379,6.5922332,.68578881,.7196871,.2243346,.23188406,3,3,3,8,5,20,4.0215602,.22005866,.4329671,.10824177,.067475066,138.57866,1,.83007449,.676359,.34552157,.34379539,.2933737,.24657838,.2440626,.17367209,.094605654,.072223999,.047464587,-.092126049,-.13765784,-.16501179,-.17897171,-.20174462,-.24564202,-.26339492,-.26763624,-.33362541,-.34080324,-.34528604,-.38263524,-.41319641,17,7,4,22,10,.7496444,0,.014224751,.13371266,.051209103,.024182077,0,.019914651,0,0,0,0,.0071123759,0,0,0,0
