"","type","length","name","instances","proportion","songs","proportion.cumulative","region.rank","region","global.rank","proportion.zm"
"1416","relative rhythm",2,"x1.00",3697,0.449584954576424,20,0.449584954576424,1,"Africa",1,0.401375946269382
"1417","relative rhythm",2,"x2.00",1353,0.149276863621526,20,0.59886181819795,2,"Africa",2,0.192648563932725
"1418","relative rhythm",2,"x0.50",1374,0.143339777930367,20,0.742201596128317,3,"Africa",3,0.108970683135765
"1419","relative rhythm",2,"x3.00",457,0.0475003407255098,18,0.789701936853827,4,"Africa",5,0.0683954534267686
"1420","relative rhythm",2,"x0.33",388,0.0425934873119357,19,0.832295424165763,5,"Africa",4,0.0461258029456535
"1421","relative rhythm",2,"x4.00",247,0.0250059596782938,18,0.857301383844057,6,"Africa",7,0.0327875855585612
"1422","relative rhythm",2,"x0.67",221,0.0220758475988365,15,0.879377231442893,7,"Africa",8,0.0242623856343218
"1423","relative rhythm",2,"x1.50",195,0.021526040299593,16,0.900903271742486,8,"Africa",6,0.0185324837747642
"1424","relative rhythm",2,"x0.25",129,0.011846389923195,16,0.912749661665681,9,"Africa",9,0.0145238605214958
"1425","relative rhythm",2,"x6.00",123,0.0114248277421164,12,0.924174489407797,10,"Africa",10,0.0116262028830421
"1426","relative rhythm",2,"x0.75",78,0.00935873247468747,15,0.933533221882485,11,"Africa",11,0.00947385465025564
"1427","relative rhythm",2,"x0.17",42,0.00633871232977236,10,0.939871934212257,12,"Africa",18,0.00783794438855777
"1428","relative rhythm",2,"x5.00",65,0.00569323160426623,10,0.945565165816524,13,"Africa",14,0.00656984821425667
"1429","relative rhythm",2,"x8.00",60,0.00565336484664193,9,0.951218530663165,14,"Africa",13,0.00556997588285034
"1430","relative rhythm",2,"x1.33",39,0.00535927184224901,11,0.956577802505414,15,"Africa",12,0.00476976051548302
"1431","relative rhythm",2,"x2.50",53,0.00530359661354551,9,0.96188139911896,16,"Africa",23,0.00412086519320265
"1432","relative rhythm",2,"x0.12",49,0.00482255403164433,7,0.966703953150604,17,"Africa",15,0.00358849785480879
"1433","relative rhythm",2,"x0.60",51,0.00456707584802298,5,0.971271028998627,18,"Africa",25,0.00314714927118743
"1434","relative rhythm",2,"x0.40",34,0.00305434426329557,5,0.974325373261923,19,"Africa",22,0.00277780540679277
"1435","relative rhythm",2,"x0.20",25,0.00230389456758844,9,0.976629267829511,20,"Africa",16,0.00246608206392595
"1436","relative rhythm",2,"x4.50",14,0.00214436480906872,4,0.97877363263858,21,"Africa",34,0.00220095087379493
"1437","relative rhythm",2,"x7.00",20,0.00169303401669199,5,0.980466666655272,22,"Africa",19,0.00197385295616049
"1438","relative rhythm",2,"x0.10",15,0.00133891803638043,4,0.981805584691652,23,"Africa",28,0.001778071872903
"1439","relative rhythm",2,"x12.00",18,0.00119439567523419,3,0.982999980366887,24,"Africa",33,0.00160828320134066
"1440","relative rhythm",2,"x0.71",13,0.00105901116427432,2,0.984058991531161,25,"Africa",51,0.00146022643080806
"1441","relative rhythm",2,"x1.67",10,0.000933034044145155,2,0.984992025575306,26,"Africa",41,0.00133046287875834
"1442","relative rhythm",2,"x0.90",11,0.00087719298245614,1,0.985869218557762,27,"Africa",55,0.00121619495085356
"1443","relative rhythm",2,"x3.33",5,0.000866239437062168,2,0.986735457994824,28,"Africa",42,0.00111512971747354
"1444","relative rhythm",2,"x0.11",4,0.000854122621564482,2,0.987589580616389,29,"Africa",40,0.00102537489121356
"1445","relative rhythm",2,"x2.25",5,0.000759472409060514,3,0.988349053025449,30,"Africa",24,0.000945358758550144
"1446","relative rhythm",2,"x0.14",8,0.000735569985569986,2,0.989084623011019,31,"Africa",17,0.000873768005204361
"1447","relative rhythm",2,"x0.06",3,0.000641025641025641,1,0.989725648652045,32,"Africa",36,0.000809499037835312
"1448","relative rhythm",2,"x16.00",3,0.000641025641025641,1,0.990366674293071,33,"Africa",37,0.000751619577791052
"1449","relative rhythm",2,"x0.38",6,0.000594894140753749,3,0.990961568433824,34,"Africa",26,0.000699338139471486
"1450","relative rhythm",2,"x0.44",5,0.000557541288038004,4,0.991519109721862,35,"Africa",31,0.000651979609138439
"1451","relative rhythm",2,"x3.50",6,0.000545454545454545,1,0.992064564267317,36,"Africa",29,0.000608965579250998
"1452","relative rhythm",2,"x9.00",8,0.000512823048034316,2,0.992577387315351,37,"Africa",27,0.000569798416207071
"1453","relative rhythm",2,"x0.09",7,0.00045045045045045,1,0.993027837765802,38,"Africa",47,0.000534048278695147
"1454","relative rhythm",2,"x11.00",7,0.00045045045045045,1,0.993478288216252,39,"Africa",56,0.000501342482770066
"1455","relative rhythm",2,"x0.57",4,0.00042633086185,4,0.993904619078102,40,"Africa",50,0.000471356744566603
"1456","relative rhythm",2,"x0.80",3,0.000376776831498018,3,0.9942813959096,41,"Africa",46,0.000443807933887644
"1457","relative rhythm",2,"x0.22",5,0.000348309348309348,2,0.99462970525791,42,"Africa",30,0.000418448050123517
"1458","relative rhythm",2,"x24.00",5,0.000321420743955955,2,0.994951126001866,43,"Africa",66,0.000395059192155134
"1459","relative rhythm",2,"x1.80",3,0.000315866439190836,2,0.995266992441056,44,"Africa",76,0.000373449340514985
"1460","relative rhythm",2,"x0.30",2,0.000304116284583539,2,0.99557110872564,45,"Africa",80,0.000353448806407541
"1461","relative rhythm",2,"x1.25",3,0.000284698840254396,2,0.995855807565894,46,"Africa",32,0.000334907230661299
"1462","relative rhythm",2,"x0.07",3,0.000272727272727273,1,0.996128534838622,47,"Africa",82,0.000317691038121244
"1463","relative rhythm",2,"x1.75",3,0.000266107494198261,3,0.99639464233282,48,"Africa",49,0.000301681270765326
"1464","relative rhythm",2,"x0.43",3,0.00024583866837388,2,0.996640481001194,49,"Africa",39,0.000286771736981411
"1465","relative rhythm",2,"x0.08",3,0.000230463021160696,2,0.996870944022354,50,"Africa",45,0.000272867425764724
"1466","relative rhythm",2,"x0.83",2,0.000205761316872428,1,0.997076705339227,51,"Africa",84,0.000259883143697616
"1467","relative rhythm",2,"x18.00",3,0.000193050193050193,1,0.997269755532277,52,"Africa",53,0.000247742339922099
"1468","relative rhythm",2,"x3.67",1,0.000190839694656489,1,0.997460595226934,53,"Africa",87,0.000236376090274025
"1469","relative rhythm",2,"x4.33",1,0.000190839694656489,1,0.99765143492159,54,"Africa",43,0.000225722216598829
"1470","relative rhythm",2,"x4.67",1,0.000190839694656489,1,0.997842274616246,55,"Africa",88,0.00021572452123385
"1471","relative rhythm",2,"x0.86",2,0.000181818181818182,1,0.998024092798065,56,"Africa",70,0.000206332119895456
"1472","relative rhythm",2,"x1.40",2,0.000181818181818182,1,0.998205910979883,57,"Africa",90,0.000197498858888108
"1473","relative rhythm",2,"x14.00",2,0.000181818181818182,1,0.998387729161701,58,"Africa",63,0.000189182804766296
"1474","relative rhythm",2,"x2.67",2,0.000166901144991912,2,0.998554630306693,59,"Africa",21,0.00018134579641586
"1475","relative rhythm",2,"x0.89",1,0.000134048257372654,1,0.998688678564066,60,"Africa",73,0.000173953051048245
"1476","relative rhythm",2,"x7.50",1,0.000134048257372654,1,0.998822726821438,61,"Africa",68,0.000166972816875591
"1477","relative rhythm",2,"x30.00",2,0.000128700128700129,1,0.998951426950138,62,"Africa",74,0.000160376066301293
"1478","relative rhythm",2,"x6.50",2,0.000128040973111396,1,0.99907946792325,63,"Africa",92,0.000154136224356206
"1479","relative rhythm",2,"x15.00",3,0.000125104253544621,1,0.999204572176794,64,"Africa",75,0.000148228927864747
"1480","relative rhythm",2,"x0.56",1,0.000102880658436214,1,0.999307452835231,65,"Africa",83,0.000142631811461734
"1481","relative rhythm",2,"x2.33",1,0.000102880658436214,1,0.999410333493667,66,"Africa",52,0.00013732431711972
"1482","relative rhythm",2,"x2.40",1,0.000102880658436214,1,0.999513214152103,67,"Africa",91,0.000132287524304022
"1483","relative rhythm",2,"x3.40",1,0.000102880658436214,1,0.999616094810539,68,"Africa",95,0.000127503998261794
"1484","relative rhythm",2,"x5.33",1,0.000102880658436214,1,0.999718975468975,69,"Africa",96,0.000122957654283497
"1485","relative rhythm",2,"x10.00",1,9.92063492063492e-05,1,0.999818181818182,70,"Africa",48,0.000118633636058935
"1486","relative rhythm",2,"x1.17",1,9.09090909090909e-05,1,0.999909090909091,71,"Africa",81,0.000114518206493226
"1487","relative rhythm",2,"x1.29",1,9.09090909090909e-05,1,1,72,"Africa",98,0.000110598649556977
"1488","relative rhythm",2,"x0.15",0,0,0,1,73,"Africa",85,0.000106863181924727
"1489","relative rhythm",2,"x0.16",0,0,0,1,74,"Africa",77,0.00010330087331079
"1490","relative rhythm",2,"x0.18",0,0,0,1,75,"Africa",69,9.99015745456503e-05
"1491","relative rhythm",2,"x0.21",0,0,0,1,76,"Africa",97,9.66558525521419e-05
"1492","relative rhythm",2,"x0.26",0,0,0,1,77,"Africa",99,9.35549314813584e-05
"1493","relative rhythm",2,"x0.29",0,0,0,1,78,"Africa",38,9.05906393557806e-05
"1494","relative rhythm",2,"x0.35",0,0,0,1,79,"Africa",57,8.77553596433677e-05
"1495","relative rhythm",2,"x0.36",0,0,0,1,80,"Africa",94,8.50419872528818e-05
"1496","relative rhythm",2,"x0.64",0,0,0,1,81,"Africa",58,8.24438884988611e-05
"1497","relative rhythm",2,"x0.73",0,0,0,1,82,"Africa",59,7.99548646355629e-05
"1498","relative rhythm",2,"x0.88",0,0,0,1,83,"Africa",20,7.75691186038351e-05
"1499","relative rhythm",2,"x1.12",0,0,0,1,84,"Africa",64,7.52812246740883e-05
"1500","relative rhythm",2,"x1.14",0,0,0,1,85,"Africa",44,7.30861007030335e-05
"1501","relative rhythm",2,"x1.60",0,0,0,1,86,"Africa",78,7.09789827522428e-05
"1502","relative rhythm",2,"x13.00",0,0,0,1,87,"Africa",71,6.89554018434116e-05
"1503","relative rhythm",2,"x14.67",0,0,0,1,88,"Africa",60,6.70111626489005e-05
"1504","relative rhythm",2,"x17.00",0,0,0,1,89,"Africa",86,6.51423239371082e-05
"1505","relative rhythm",2,"x19.00",0,0,0,1,90,"Africa",100,6.33451806108169e-05
"1506","relative rhythm",2,"x2.75",0,0,0,1,91,"Africa",67,6.16162471931464e-05
"1507","relative rhythm",2,"x2.78",0,0,0,1,92,"Africa",79,5.99522426304087e-05
"1508","relative rhythm",2,"x20.00",0,0,0,1,93,"Africa",65,5.83500762942029e-05
"1509","relative rhythm",2,"x22.00",0,0,0,1,94,"Africa",93,5.68068350767036e-05
"1510","relative rhythm",2,"x23.00",0,0,0,1,95,"Africa",61,5.53197714834664e-05
"1511","relative rhythm",2,"x32.00",0,0,0,1,96,"Africa",35,5.38862926373279e-05
"1512","relative rhythm",2,"x35.00",0,0,0,1,97,"Africa",72,5.25039501152588e-05
"1513","relative rhythm",2,"x44.00",0,0,0,1,98,"Africa",62,5.11704305474361e-05
"1514","relative rhythm",2,"x5.50",0,0,0,1,99,"Africa",54,4.98835469144456e-05
"1515","relative rhythm",2,"x7.33",0,0,0,1,100,"Africa",89,4.86412304844836e-05
"4498","relative rhythm",2,"x1.00",2497,0.494329423618914,16,0.494329423618914,1,"Asia",1,0.510414283386663
"4499","relative rhythm",2,"x2.00",844,0.16615124025094,16,0.660480663869854,2,"Asia",2,0.203091669591677
"4500","relative rhythm",2,"x0.50",798,0.149076650518524,16,0.809557314388378,3,"Asia",3,0.0998420276885684
"4501","relative rhythm",2,"x0.33",169,0.0425875308315811,13,0.852144845219959,4,"Asia",4,0.056027124212714
"4502","relative rhythm",2,"x3.00",117,0.0272327715970557,12,0.879377616817015,5,"Asia",5,0.0344237550762094
"4503","relative rhythm",2,"x1.50",98,0.0217931519316469,10,0.901170768748662,6,"Asia",6,0.0225941076432854
"4504","relative rhythm",2,"x4.00",74,0.0177504949779774,8,0.918921263726639,7,"Asia",7,0.0155938795286537
"4505","relative rhythm",2,"x0.25",59,0.0129807000663717,9,0.931901963793011,8,"Asia",9,0.0111963839188679
"4506","relative rhythm",2,"x6.00",31,0.00933021346167802,7,0.941232177254689,9,"Asia",10,0.00829959496391766
"4507","relative rhythm",2,"x5.00",20,0.00588806711946548,8,0.947120244374154,10,"Asia",14,0.0063161984556065
"4508","relative rhythm",2,"x0.67",28,0.0054904378474773,8,0.952610682221631,11,"Asia",8,0.00491393438033058
"4509","relative rhythm",2,"x1.33",22,0.00431521238047685,7,0.956925894602108,12,"Asia",12,0.00389535040935944
"4510","relative rhythm",2,"x8.00",18,0.00410027371678437,5,0.961026168318893,13,"Asia",13,0.00313815831414071
"4511","relative rhythm",2,"x0.75",13,0.00311532812130104,5,0.964141496440194,14,"Asia",11,0.00256391010583481
"4512","relative rhythm",2,"x0.20",18,0.00310770657787825,5,0.967249203018072,15,"Asia",16,0.00212073211399188
"4513","relative rhythm",2,"x0.17",13,0.00266734999416902,6,0.969916553012241,16,"Asia",18,0.00177340476876224
"4514","relative rhythm",2,"x0.06",2,0.00189393939393939,1,0.97181049240618,17,"Asia",36,0.00149745396900254
"4515","relative rhythm",2,"x0.22",2,0.00189393939393939,1,0.97370443180012,18,"Asia",30,0.00127551901898856
"4516","relative rhythm",2,"x32.00",2,0.00189393939393939,1,0.975598371194059,19,"Asia",35,0.00109505685583907
"4517","relative rhythm",2,"x0.12",4,0.0014892892791038,3,0.977087660473163,20,"Asia",15,0.000946854448431767
"4518","relative rhythm",2,"x16.00",3,0.00141866781017724,2,0.97850632828334,21,"Asia",37,0.00082404318040271
"4519","relative rhythm",2,"x3.50",3,0.00140926802893579,3,0.979915596312276,22,"Asia",29,0.00072143259180913
"4520","relative rhythm",2,"x0.38",4,0.00132406169142658,3,0.981239658003703,23,"Asia",26,0.00063505173743516
"4521","relative rhythm",2,"x7.00",2,0.00128664361001318,2,0.982526301613716,24,"Asia",19,0.000561828194317193
"4522","relative rhythm",2,"x0.08",1,0.000946969696969697,1,0.983473271310686,25,"Asia",45,0.000499359979291079
"4523","relative rhythm",2,"x0.35",1,0.000946969696969697,1,0.984420241007655,26,"Asia",57,0.000445751215555152
"4524","relative rhythm",2,"x0.43",1,0.000946969696969697,1,0.985367210704625,27,"Asia",39,0.000399492204191599
"4525","relative rhythm",2,"x0.60",1,0.000946969696969697,1,0.986314180401595,28,"Asia",25,0.00035937085950311
"4526","relative rhythm",2,"x0.64",1,0.000946969696969697,1,0.987261150098564,29,"Asia",58,0.000324406583961446
"4527","relative rhythm",2,"x0.73",1,0.000946969696969697,1,0.988208119795534,30,"Asia",59,0.000293800390759286
"4528","relative rhythm",2,"x0.80",1,0.000946969696969697,1,0.989155089492504,31,"Asia",46,0.0002668969220968
"4529","relative rhythm",2,"x1.75",1,0.000946969696969697,1,0.990102059189473,32,"Asia",49,0.000243155267779774
"4530","relative rhythm",2,"x14.67",1,0.000946969696969697,1,0.991049028886443,33,"Asia",60,0.000222126357640752
"4531","relative rhythm",2,"x18.00",1,0.000946969696969697,1,0.991995998583413,34,"Asia",53,0.000203435309455737
"4532","relative rhythm",2,"x23.00",1,0.000946969696969697,1,0.992942968280382,35,"Asia",61,0.000186767544466325
"4533","relative rhythm",2,"x44.00",1,0.000946969696969697,1,0.993889937977352,36,"Asia",62,0.000171857790484346
"4534","relative rhythm",2,"x12.00",4,0.000943396226415094,1,0.994833334203767,37,"Asia",33,0.00015848131494235
"4535","relative rhythm",2,"x1.12",3,0.000707547169811321,1,0.995540881373579,38,"Asia",64,0.000146446892395595
"4536","relative rhythm",2,"x9.00",2,0.000670361743731309,2,0.99621124311731,39,"Asia",27,0.000135591130243133
"4537","relative rhythm",2,"x2.67",3,0.000583071278825996,2,0.996794314396136,40,"Asia",21,0.000125773864889457
"4538","relative rhythm",2,"x0.14",2,0.000575522969647252,2,0.997369837365783,41,"Asia",17,0.000116874406690808
"4539","relative rhythm",2,"x0.40",3,0.000522102179823341,3,0.997891939545607,42,"Asia",22,0.00010878846182973
"4540","relative rhythm",2,"x20.00",2,0.000471698113207547,1,0.998363637658814,43,"Asia",65,0.000101425597034209
"4541","relative rhythm",2,"x2.50",5,0.000394292673559524,2,0.998757930332374,44,"Asia",23,9.47071419020744e-05
"4542","relative rhythm",2,"x0.44",1,0.000339673913043478,1,0.999097604245417,45,"Asia",31,8.85644457594991e-05
"4543","relative rhythm",2,"x0.18",1,0.000235849056603774,1,0.999333453302021,46,"Asia",69,8.29374231242607e-05
"4544","relative rhythm",2,"x7.33",1,0.000235849056603774,1,0.999569302358625,47,"Asia",89,7.77733351771825e-05
"4545","relative rhythm",2,"x0.10",1,0.000226449275362319,1,0.999795751633987,48,"Asia",28,7.30257650733356e-05
"4546","relative rhythm",2,"x1.25",1,0.000204248366013072,1,1,49,"Asia",32,6.86537531245246e-05
"4547","relative rhythm",2,"x0.07",0,0,0,1,50,"Asia",82,6.4621064365475e-05
"4548","relative rhythm",2,"x0.09",0,0,0,1,51,"Asia",47,6.08955661634816e-05
"4549","relative rhythm",2,"x0.11",0,0,0,1,52,"Asia",40,5.74486976387285e-05
"4550","relative rhythm",2,"x0.15",0,0,0,1,53,"Asia",85,5.42550159549203e-05
"4551","relative rhythm",2,"x0.16",0,0,0,1,54,"Asia",77,5.1291807190462e-05
"4552","relative rhythm",2,"x0.21",0,0,0,1,55,"Asia",97,4.85387516432015e-05
"4553","relative rhythm",2,"x0.26",0,0,0,1,56,"Asia",99,4.59776351609553e-05
"4554","relative rhythm",2,"x0.29",0,0,0,1,57,"Asia",38,4.35920995071356e-05
"4555","relative rhythm",2,"x0.30",0,0,0,1,58,"Asia",80,4.13674259297445e-05
"4556","relative rhythm",2,"x0.36",0,0,0,1,59,"Asia",94,3.92903470532233e-05
"4557","relative rhythm",2,"x0.56",0,0,0,1,60,"Asia",83,3.73488829960862e-05
"4558","relative rhythm",2,"x0.57",0,0,0,1,61,"Asia",50,3.55321982646702e-05
"4559","relative rhythm",2,"x0.71",0,0,0,1,62,"Asia",51,3.38304765100579e-05
"4560","relative rhythm",2,"x0.83",0,0,0,1,63,"Asia",84,3.22348106815791e-05
"4561","relative rhythm",2,"x0.86",0,0,0,1,64,"Asia",70,3.07371064826149e-05
"4562","relative rhythm",2,"x0.88",0,0,0,1,65,"Asia",20,2.93299973458986e-05
"4563","relative rhythm",2,"x0.89",0,0,0,1,66,"Asia",73,2.8006769406814e-05
"4564","relative rhythm",2,"x0.90",0,0,0,1,67,"Asia",55,2.67612951730136e-05
"4565","relative rhythm",2,"x1.14",0,0,0,1,68,"Asia",44,2.55879747740922e-05
"4566","relative rhythm",2,"x1.17",0,0,0,1,69,"Asia",81,2.44816838318471e-05
"4567","relative rhythm",2,"x1.29",0,0,0,1,70,"Asia",98,2.34377271245848e-05
"4568","relative rhythm",2,"x1.40",0,0,0,1,71,"Asia",90,2.24517973318903e-05
"4569","relative rhythm",2,"x1.60",0,0,0,1,72,"Asia",78,2.15199382425074e-05
"4570","relative rhythm",2,"x1.67",0,0,0,1,73,"Asia",41,2.06385118901257e-05
"4571","relative rhythm",2,"x1.80",0,0,0,1,74,"Asia",76,1.98041691521688e-05
"4572","relative rhythm",2,"x10.00",0,0,0,1,75,"Asia",48,1.90138234069593e-05
"4573","relative rhythm",2,"x11.00",0,0,0,1,76,"Asia",56,1.82646268964346e-05
"4574","relative rhythm",2,"x13.00",0,0,0,1,77,"Asia",71,1.75539494861944e-05
"4575","relative rhythm",2,"x14.00",0,0,0,1,78,"Asia",63,1.6879359553142e-05
"4576","relative rhythm",2,"x15.00",0,0,0,1,79,"Asia",75,1.62386067642534e-05
"4577","relative rhythm",2,"x17.00",0,0,0,1,80,"Asia",86,1.562960653882e-05
"4578","relative rhythm",2,"x19.00",0,0,0,1,81,"Asia",100,1.50504260115134e-05
"4579","relative rhythm",2,"x2.25",0,0,0,1,82,"Asia",24,1.4499271335353e-05
"4580","relative rhythm",2,"x2.33",0,0,0,1,83,"Asia",52,1.3974476182582e-05
"4581","relative rhythm",2,"x2.40",0,0,0,1,84,"Asia",91,1.3474491317964e-05
"4582","relative rhythm",2,"x2.75",0,0,0,1,85,"Asia",67,1.29978751334343e-05
"4583","relative rhythm",2,"x2.78",0,0,0,1,86,"Asia",79,1.25432850456621e-05
"4584","relative rhythm",2,"x22.00",0,0,0,1,87,"Asia",93,1.21094696691411e-05
"4585","relative rhythm",2,"x24.00",0,0,0,1,88,"Asia",66,1.1695261687139e-05
"4586","relative rhythm",2,"x3.33",0,0,0,1,89,"Asia",42,1.1299571351374e-05
"4587","relative rhythm",2,"x3.40",0,0,0,1,90,"Asia",95,1.09213805488053e-05
"4588","relative rhythm",2,"x3.67",0,0,0,1,91,"Asia",87,1.05597373805518e-05
"4589","relative rhythm",2,"x30.00",0,0,0,1,92,"Asia",74,1.02137512038106e-05
"4590","relative rhythm",2,"x35.00",0,0,0,1,93,"Asia",72,9.8825880928179e-06
"4591","relative rhythm",2,"x4.33",0,0,0,1,94,"Asia",43,9.56546667948358e-06
"4592","relative rhythm",2,"x4.50",0,0,0,1,95,"Asia",34,9.2616543383881e-06
"4593","relative rhythm",2,"x4.67",0,0,0,1,96,"Asia",88,8.97046368444246e-06
"4594","relative rhythm",2,"x5.33",0,0,0,1,97,"Asia",96,8.69124935471502e-06
"4595","relative rhythm",2,"x5.50",0,0,0,1,98,"Asia",54,8.42340504878363e-06
"4596","relative rhythm",2,"x6.50",0,0,0,1,99,"Asia",92,8.16636080451384e-06
"4597","relative rhythm",2,"x7.50",0,0,0,1,100,"Asia",68,7.91958048843208e-06
"7580","relative rhythm",2,"x1.00",1271,0.427063231327383,10,0.427063231327383,1,"Europe",1,0.412646381715899
"7581","relative rhythm",2,"x2.00",526,0.168840982407871,10,0.595904213735254,2,"Europe",2,0.224539225880819
"7582","relative rhythm",2,"x0.50",533,0.159752774172211,10,0.755656987907465,3,"Europe",3,0.129157218533942
"7583","relative rhythm",2,"x3.00",169,0.060754272478346,9,0.816411260385811,4,"Europe",5,0.0778078012624248
"7584","relative rhythm",2,"x0.33",108,0.0427383018776692,7,0.85914956226348,5,"Europe",4,0.0487423083505146
"7585","relative rhythm",2,"x0.67",110,0.0394415629827529,6,0.898591125246233,6,"Europe",8,0.0315743634413357
"7586","relative rhythm",2,"x1.50",64,0.0266646524471478,8,0.925255777693381,7,"Europe",6,0.021055419781647
"7587","relative rhythm",2,"x4.00",61,0.0237947073627448,6,0.949050485056125,8,"Europe",7,0.0144017388890052
"7588","relative rhythm",2,"x0.25",40,0.0166247639676959,4,0.965675249023821,9,"Europe",9,0.0100736770789476
"7589","relative rhythm",2,"x0.20",18,0.0102563662842851,3,0.975931615308106,10,"Europe",16,0.00718787731929668
"7590","relative rhythm",2,"x6.00",15,0.00440650968918812,3,0.980338124997294,11,"Europe",10,0.00522085473144773
"7591","relative rhythm",2,"x5.00",8,0.00369846317465782,4,0.984036588171952,12,"Europe",14,0.00385333382615868
"7592","relative rhythm",2,"x0.75",7,0.00318163870489452,4,0.987218226876847,13,"Europe",11,0.00288550814497208
"7593","relative rhythm",2,"x1.33",5,0.00270985868811956,3,0.989928085564966,14,"Europe",12,0.00218940356524811
"7594","relative rhythm",2,"x0.40",4,0.00163721413721414,2,0.99156529970218,15,"Europe",22,0.00168131553769952
"7595","relative rhythm",2,"x0.17",4,0.00151164096359266,3,0.993076940665773,16,"Europe",18,0.00130543997528706
"7596","relative rhythm",2,"x1.67",2,0.00135135135135135,1,0.994428292017124,17,"Europe",41,0.00102391900287851
"7597","relative rhythm",2,"x0.12",2,0.00101522842639594,1,0.99544352044352,18,"Europe",15,0.000810655507622852
"7598","relative rhythm",2,"x2.50",2,0.000996188496188496,2,0.996439708939709,19,"Europe",23,0.000647392778428489
"7599","relative rhythm",2,"x3.33",1,0.000675675675675676,1,0.997115384615385,20,"Europe",42,0.000521184151463316
"7600","relative rhythm",2,"x0.14",2,0.000641025641025641,1,0.99775641025641,21,"Europe",17,0.000422732174084943
"7601","relative rhythm",2,"x0.10",1,0.000320512820512821,1,0.998076923076923,22,"Europe",28,0.000345281419798935
"7602","relative rhythm",2,"x0.11",1,0.000320512820512821,1,0.998397435897436,23,"Europe",40,0.000283869666703704
"7603","relative rhythm",2,"x0.38",1,0.000320512820512821,1,0.998717948717949,24,"Europe",26,0.000234814601088133
"7604","relative rhythm",2,"x1.12",1,0.000320512820512821,1,0.999038461538462,25,"Europe",64,0.000195357529967963
"7605","relative rhythm",2,"x1.75",1,0.000320512820512821,1,0.999358974358974,26,"Europe",49,0.000163413160002503
"7606","relative rhythm",2,"x2.25",1,0.000320512820512821,1,0.999679487179487,27,"Europe",24,0.00013739192507321
"7607","relative rhythm",2,"x2.67",1,0.000320512820512821,1,1,28,"Europe",21,0.000116072518715076
"7608","relative rhythm",2,"x0.06",0,0,0,1,29,"Europe",36,9.85095520988432e-05
"7609","relative rhythm",2,"x0.07",0,0,0,1,30,"Europe",82,8.39660424802026e-05
"7610","relative rhythm",2,"x0.08",0,0,0,1,31,"Europe",45,7.18636262986518e-05
"7611","relative rhythm",2,"x0.09",0,0,0,1,32,"Europe",47,6.17455416370982e-05
"7612","relative rhythm",2,"x0.15",0,0,0,1,33,"Europe",85,5.32488906345166e-05
"7613","relative rhythm",2,"x0.16",0,0,0,1,34,"Europe",77,4.60837019261286e-05
"7614","relative rhythm",2,"x0.18",0,0,0,1,35,"Europe",69,4.00170151447972e-05
"7615","relative rhythm",2,"x0.21",0,0,0,1,36,"Europe",97,3.48607021503463e-05
"7616","relative rhythm",2,"x0.22",0,0,0,1,37,"Europe",30,3.0462088419975e-05
"7617","relative rhythm",2,"x0.26",0,0,0,1,38,"Europe",99,2.66966870110611e-05
"7618","relative rhythm",2,"x0.29",0,0,0,1,39,"Europe",38,2.34625366638461e-05
"7619","relative rhythm",2,"x0.30",0,0,0,1,40,"Europe",80,2.06757655050119e-05
"7620","relative rhythm",2,"x0.35",0,0,0,1,41,"Europe",57,1.82670966724139e-05
"7621","relative rhythm",2,"x0.36",0,0,0,1,42,"Europe",94,1.61790819354048e-05
"7622","relative rhythm",2,"x0.43",0,0,0,1,43,"Europe",39,1.4363901018403e-05
"7623","relative rhythm",2,"x0.44",0,0,0,1,44,"Europe",31,1.27816027977169e-05
"7624","relative rhythm",2,"x0.56",0,0,0,1,45,"Europe",83,1.13986933670921e-05
"7625","relative rhythm",2,"x0.57",0,0,0,1,46,"Europe",50,1.01869976966515e-05
"7626","relative rhythm",2,"x0.60",0,0,0,1,47,"Europe",25,9.12273808157997e-06
"7627","relative rhythm",2,"x0.64",0,0,0,1,48,"Europe",58,8.18578513039645e-06
"7628","relative rhythm",2,"x0.71",0,0,0,1,49,"Europe",51,7.35904665953964e-06
"7629","relative rhythm",2,"x0.73",0,0,0,1,50,"Europe",59,6.62796726494107e-06
"7630","relative rhythm",2,"x0.80",0,0,0,1,51,"Europe",46,5.98011706885376e-06
"7631","relative rhythm",2,"x0.83",0,0,0,1,52,"Europe",84,5.40485259149703e-06
"7632","relative rhythm",2,"x0.86",0,0,0,1,53,"Europe",70,4.89303617190773e-06
"7633","relative rhythm",2,"x0.88",0,0,0,1,54,"Europe",20,4.43680308664269e-06
"7634","relative rhythm",2,"x0.89",0,0,0,1,55,"Europe",73,4.02936765966536e-06
"7635","relative rhythm",2,"x0.90",0,0,0,1,56,"Europe",55,3.66486135195667e-06
"7636","relative rhythm",2,"x1.14",0,0,0,1,57,"Europe",44,3.33819716452495e-06
"7637","relative rhythm",2,"x1.17",0,0,0,1,58,"Europe",81,3.04495575985596e-06
"7638","relative rhythm",2,"x1.25",0,0,0,1,59,"Europe",32,2.78128956326718e-06
"7639","relative rhythm",2,"x1.29",0,0,0,1,60,"Europe",98,2.5438417926438e-06
"7640","relative rhythm",2,"x1.40",0,0,0,1,61,"Europe",90,2.3296779180327e-06
"7641","relative rhythm",2,"x1.60",0,0,0,1,62,"Europe",78,2.13622749916788e-06
"7642","relative rhythm",2,"x1.80",0,0,0,1,63,"Europe",76,1.96123471082883e-06
"7643","relative rhythm",2,"x10.00",0,0,0,1,64,"Europe",48,1.80271615999433e-06
"7644","relative rhythm",2,"x11.00",0,0,0,1,65,"Europe",56,1.65892483846345e-06
"7645","relative rhythm",2,"x12.00",0,0,0,1,66,"Europe",33,1.52831925059265e-06
"7646","relative rhythm",2,"x13.00",0,0,0,1,67,"Europe",71,1.40953691647885e-06
"7647","relative rhythm",2,"x14.00",0,0,0,1,68,"Europe",63,1.30137158302501e-06
"7648","relative rhythm",2,"x14.67",0,0,0,1,69,"Europe",60,1.20275358423197e-06
"7649","relative rhythm",2,"x15.00",0,0,0,1,70,"Europe",75,1.1127328820775e-06
"7650","relative rhythm",2,"x16.00",0,0,0,1,71,"Europe",37,1.03046439393697e-06
"7651","relative rhythm",2,"x17.00",0,0,0,1,72,"Europe",86,9.55195274466731e-07
"7652","relative rhythm",2,"x18.00",0,0,0,1,73,"Europe",53,8.86253871472487e-07
"7653","relative rhythm",2,"x19.00",0,0,0,1,74,"Europe",100,8.23040118356167e-07
"7654","relative rhythm",2,"x2.33",0,0,0,1,75,"Europe",52,7.65017161769127e-07
"7655","relative rhythm",2,"x2.40",0,0,0,1,76,"Europe",91,7.11704053313306e-07
"7656","relative rhythm",2,"x2.75",0,0,0,1,77,"Europe",67,6.62669359521526e-07
"7657","relative rhythm",2,"x2.78",0,0,0,1,78,"Europe",79,6.17525565728724e-07
"7658","relative rhythm",2,"x20.00",0,0,0,1,79,"Europe",65,5.75924167488255e-07
"7659","relative rhythm",2,"x22.00",0,0,0,1,80,"Europe",93,5.3755135844343e-07
"7660","relative rhythm",2,"x23.00",0,0,0,1,81,"Europe",61,5.02124236490162e-07
"7661","relative rhythm",2,"x24.00",0,0,0,1,82,"Europe",66,4.69387461039048e-07
"7662","relative rhythm",2,"x3.40",0,0,0,1,83,"Europe",95,4.39110303517185e-07
"7663","relative rhythm",2,"x3.50",0,0,0,1,84,"Europe",29,4.11084041201511e-07
"7664","relative rhythm",2,"x3.67",0,0,0,1,85,"Europe",87,3.85119651262799e-07
"7665","relative rhythm",2,"x30.00",0,0,0,1,86,"Europe",74,3.61045767703412e-07
"7666","relative rhythm",2,"x32.00",0,0,0,1,87,"Europe",35,3.38706868843474e-07
"7667","relative rhythm",2,"x35.00",0,0,0,1,88,"Europe",72,3.17961667275928e-07
"7668","relative rhythm",2,"x4.33",0,0,0,1,89,"Europe",43,2.98681677877091e-07
"7669","relative rhythm",2,"x4.50",0,0,0,1,90,"Europe",34,2.8074994261542e-07
"7670","relative rhythm",2,"x4.67",0,0,0,1,91,"Europe",88,2.64059893622236e-07
"7671","relative rhythm",2,"x44.00",0,0,0,1,92,"Europe",62,2.4851433833801e-07
"7672","relative rhythm",2,"x5.33",0,0,0,1,93,"Europe",96,2.34024552579985e-07
"7673","relative rhythm",2,"x5.50",0,0,0,1,94,"Europe",54,2.20509469137066e-07
"7674","relative rhythm",2,"x6.50",0,0,0,1,95,"Europe",92,2.07894951024691e-07
"7675","relative rhythm",2,"x7.00",0,0,0,1,96,"Europe",19,1.96113139858553e-07
"7676","relative rhythm",2,"x7.33",0,0,0,1,97,"Europe",89,1.85101870959626e-07
"7677","relative rhythm",2,"x7.50",0,0,0,1,98,"Europe",68,1.74804147807772e-07
"7678","relative rhythm",2,"x8.00",0,0,0,1,99,"Europe",13,1.65167669337594e-07
"7679","relative rhythm",2,"x9.00",0,0,0,1,100,"Europe",27,1.56144404335623e-07
"10662","relative rhythm",2,"x1.00",2484,0.588446440292083,12,0.588446440292083,1,"Middle America and the Caribbean",1,0.621186968832033
"10663","relative rhythm",2,"x2.00",480,0.145449771389114,12,0.733896211681197,2,"Middle America and the Caribbean",2,0.157130696624412
"10664","relative rhythm",2,"x0.50",329,0.096074953980855,12,0.829971165662052,3,"Middle America and the Caribbean",3,0.068523841367787
"10665","relative rhythm",2,"x0.33",146,0.0463453287681522,9,0.876316494430204,4,"Middle America and the Caribbean",4,0.037744232757926
"10666","relative rhythm",2,"x1.50",157,0.043584452856874,10,0.919900947287078,5,"Middle America and the Caribbean",6,0.0236898571016904
"10667","relative rhythm",2,"x4.00",43,0.0155932185393129,8,0.935494165826391,6,"Middle America and the Caribbean",7,0.0161641878067109
"10668","relative rhythm",2,"x3.00",51,0.0128128375306959,7,0.948307003357087,7,"Middle America and the Caribbean",5,0.0116887905676439
"10669","relative rhythm",2,"x0.25",18,0.00762309321602128,6,0.955930096573108,8,"Middle America and the Caribbean",9,0.00882156401851956
"10670","relative rhythm",2,"x0.75",18,0.0051630724553846,3,0.961093169028493,9,"Middle America and the Caribbean",11,0.0068794429996966
"10671","relative rhythm",2,"x0.67",23,0.00495489484092758,3,0.966048063869421,10,"Middle America and the Caribbean",8,0.00550581180535401
"10672","relative rhythm",2,"x6.00",12,0.00451596097376148,2,0.970564024843182,11,"Middle America and the Caribbean",10,0.00450009573120276
"10673","relative rhythm",2,"x0.17",15,0.00329296437290827,2,0.97385698921609,12,"Middle America and the Caribbean",18,0.00374263855904654
"10674","relative rhythm",2,"x1.33",22,0.0032160264864828,4,0.977073015702573,13,"Middle America and the Caribbean",12,0.0031585606513769
"10675","relative rhythm",2,"x7.00",14,0.00263895491186969,3,0.979711970614443,14,"Middle America and the Caribbean",19,0.00269910886002632
"10676","relative rhythm",2,"x8.00",13,0.00250160691135296,2,0.982213577525796,15,"Middle America and the Caribbean",13,0.00233146281652024
"10677","relative rhythm",2,"x0.12",8,0.00197460423665758,3,0.984188181762453,16,"Middle America and the Caribbean",15,0.00203288856693771
"10678","relative rhythm",2,"x9.00",13,0.00193867479982487,2,0.986126856562278,17,"Middle America and the Caribbean",27,0.00178724554319353
"10679","relative rhythm",2,"x0.29",15,0.00192012288786482,1,0.988046979450143,18,"Middle America and the Caribbean",38,0.00158282479622916
"10680","relative rhythm",2,"x0.22",12,0.00153609831029186,1,0.989583077760435,19,"Middle America and the Caribbean",30,0.00141096949278884
"10681","relative rhythm",2,"x2.33",12,0.00153609831029186,1,0.991119176070727,20,"Middle America and the Caribbean",52,0.00126517058512808
"10682","relative rhythm",2,"x0.43",5,0.0012123128821421,2,0.992331488952869,21,"Middle America and the Caribbean",39,0.00114045967519415
"10683","relative rhythm",2,"x10.00",4,0.00118203309692671,1,0.993513522049796,22,"Middle America and the Caribbean",48,0.00103299264247024
"10684","relative rhythm",2,"x5.00",5,0.000914609259630298,2,0.994428131309426,23,"Middle America and the Caribbean",14,0.000939758592210794
"10685","relative rhythm",2,"x0.16",4,0.000512032770097286,1,0.994940164079523,24,"Middle America and the Caribbean",77,0.000858372867024016
"10686","relative rhythm",2,"x1.60",4,0.000512032770097286,1,0.995452196849621,25,"Middle America and the Caribbean",78,0.000786927521006067
"10687","relative rhythm",2,"x2.50",4,0.000512032770097286,1,0.995964229619718,26,"Middle America and the Caribbean",23,0.000723881752482399
"10688","relative rhythm",2,"x2.78",4,0.000512032770097286,1,0.996476262389815,27,"Middle America and the Caribbean",79,0.000667980561827453
"10689","relative rhythm",2,"x2.67",2,0.000423516466756,2,0.996899778856571,28,"Middle America and the Caribbean",21,0.000618193634500153
"10690","relative rhythm",2,"x0.08",1,0.000402576489533011,1,0.997302355346104,29,"Middle America and the Caribbean",45,0.000573668909505078
"10691","relative rhythm",2,"x0.10",1,0.000402576489533011,1,0.997704931835637,30,"Middle America and the Caribbean",28,0.000533696941673945
"10692","relative rhythm",2,"x0.11",1,0.000402576489533011,1,0.99810750832517,31,"Middle America and the Caribbean",40,0.000497683287525073
"10693","relative rhythm",2,"x1.25",1,0.000402576489533011,1,0.998510084814703,32,"Middle America and the Caribbean",32,0.000465126918331209
"10694","relative rhythm",2,"x14.00",1,0.000402576489533011,1,0.998912661304236,33,"Middle America and the Caribbean",63,0.000435603205192636
"10695","relative rhythm",2,"x0.20",2,0.000256016385048643,1,0.999168677689285,34,"Middle America and the Caribbean",16,0.000408750404030038
"10696","relative rhythm",2,"x1.14",2,0.000256016385048643,1,0.999424694074333,35,"Middle America and the Caribbean",44,0.000384258842768249
"10697","relative rhythm",2,"x3.50",1,0.000254841997961264,1,0.999679536072295,36,"Middle America and the Caribbean",29,0.000361862211572278
"10698","relative rhythm",2,"x0.80",1,0.000128008192524322,1,0.999807544264819,37,"Middle America and the Caribbean",46,0.000341330502197439
"10699","relative rhythm",2,"x1.67",1,6.41519117269695e-05,1,0.999871696176546,38,"Middle America and the Caribbean",41,0.000322464249686906
"10700","relative rhythm",2,"x2.25",1,6.41519117269695e-05,1,0.999935848088273,39,"Middle America and the Caribbean",24,0.000305089809458921
"10701","relative rhythm",2,"x2.40",1,6.41519117269695e-05,1,1,40,"Middle America and the Caribbean",91,0.000289055462758349
"10702","relative rhythm",2,"x0.06",0,0,0,1,41,"Middle America and the Caribbean",36,0.000274228188811136
"10703","relative rhythm",2,"x0.07",0,0,0,1,42,"Middle America and the Caribbean",82,0.000260490976614915
"10704","relative rhythm",2,"x0.09",0,0,0,1,43,"Middle America and the Caribbean",47,0.000247740575868828
"10705","relative rhythm",2,"x0.14",0,0,0,1,44,"Middle America and the Caribbean",17,0.00023588560708984
"10706","relative rhythm",2,"x0.15",0,0,0,1,45,"Middle America and the Caribbean",85,0.000224844966949864
"10707","relative rhythm",2,"x0.18",0,0,0,1,46,"Middle America and the Caribbean",69,0.000214546477384601
"10708","relative rhythm",2,"x0.21",0,0,0,1,47,"Middle America and the Caribbean",97,0.000204925736881458
"10709","relative rhythm",2,"x0.26",0,0,0,1,48,"Middle America and the Caribbean",99,0.00019592514015855
"10710","relative rhythm",2,"x0.30",0,0,0,1,49,"Middle America and the Caribbean",80,0.00018749303865942
"10711","relative rhythm",2,"x0.35",0,0,0,1,50,"Middle America and the Caribbean",57,0.00017958301925848
"10712","relative rhythm",2,"x0.36",0,0,0,1,51,"Middle America and the Caribbean",94,0.000172153282567853
"10713","relative rhythm",2,"x0.38",0,0,0,1,52,"Middle America and the Caribbean",26,0.000165166105463294
"10714","relative rhythm",2,"x0.40",0,0,0,1,53,"Middle America and the Caribbean",22,0.000158587375064677
"10715","relative rhythm",2,"x0.44",0,0,0,1,54,"Middle America and the Caribbean",31,0.000152386183539045
"10716","relative rhythm",2,"x0.56",0,0,0,1,55,"Middle America and the Caribbean",83,0.000146534474838698
"10717","relative rhythm",2,"x0.57",0,0,0,1,56,"Middle America and the Caribbean",50,0.000141006735919217
"10718","relative rhythm",2,"x0.60",0,0,0,1,57,"Middle America and the Caribbean",25,0.000135779726163151
"10719","relative rhythm",2,"x0.64",0,0,0,1,58,"Middle America and the Caribbean",58,0.0001308322397119
"10720","relative rhythm",2,"x0.71",0,0,0,1,59,"Middle America and the Caribbean",51,0.00012614489621929
"10721","relative rhythm",2,"x0.73",0,0,0,1,60,"Middle America and the Caribbean",59,0.000121699956215814
"10722","relative rhythm",2,"x0.83",0,0,0,1,61,"Middle America and the Caribbean",84,0.000117481157837006
"10723","relative rhythm",2,"x0.86",0,0,0,1,62,"Middle America and the Caribbean",70,0.000113473572142637
"10724","relative rhythm",2,"x0.88",0,0,0,1,63,"Middle America and the Caribbean",20,0.000109663474651286
"10725","relative rhythm",2,"x0.89",0,0,0,1,64,"Middle America and the Caribbean",73,0.000106038231050415
"10726","relative rhythm",2,"x0.90",0,0,0,1,65,"Middle America and the Caribbean",55,0.000102586195325793
"10727","relative rhythm",2,"x1.12",0,0,0,1,66,"Middle America and the Caribbean",64,9.92966187947801e-05
"10728","relative rhythm",2,"x1.17",0,0,0,1,67,"Middle America and the Caribbean",81,9.61595687325252e-05
"10729","relative rhythm",2,"x1.29",0,0,0,1,68,"Middle America and the Caribbean",98,9.31658554545712e-05
"10730","relative rhythm",2,"x1.40",0,0,0,1,69,"Middle America and the Caribbean",90,9.03069668683423e-05
"10731","relative rhythm",2,"x1.75",0,0,0,1,70,"Middle America and the Caribbean",49,8.757500963367e-05
"10732","relative rhythm",2,"x1.80",0,0,0,1,71,"Middle America and the Caribbean",76,8.49626561821052e-05
"10733","relative rhythm",2,"x11.00",0,0,0,1,72,"Middle America and the Caribbean",56,8.24630969390771e-05
"10734","relative rhythm",2,"x12.00",0,0,0,1,73,"Middle America and the Caribbean",33,8.00699971743069e-05
"10735","relative rhythm",2,"x13.00",0,0,0,1,74,"Middle America and the Caribbean",71,7.77774579761778e-05
"10736","relative rhythm",2,"x14.67",0,0,0,1,75,"Middle America and the Caribbean",60,7.55799809066505e-05
"10737","relative rhythm",2,"x15.00",0,0,0,1,76,"Middle America and the Caribbean",75,7.34724359461474e-05
"10738","relative rhythm",2,"x16.00",0,0,0,1,77,"Middle America and the Caribbean",37,7.14500323837694e-05
"10739","relative rhythm",2,"x17.00",0,0,0,1,78,"Middle America and the Caribbean",86,6.95082923482323e-05
"10740","relative rhythm",2,"x18.00",0,0,0,1,79,"Middle America and the Caribbean",53,6.76430267098396e-05
"10741","relative rhythm",2,"x19.00",0,0,0,1,80,"Middle America and the Caribbean",100,6.58503131143491e-05
"10742","relative rhythm",2,"x2.75",0,0,0,1,81,"Middle America and the Caribbean",67,6.41264759363462e-05
"10743","relative rhythm",2,"x20.00",0,0,0,1,82,"Middle America and the Caribbean",65,6.24680679632025e-05
"10744","relative rhythm",2,"x22.00",0,0,0,1,83,"Middle America and the Caribbean",93,6.08718536413327e-05
"10745","relative rhythm",2,"x23.00",0,0,0,1,84,"Middle America and the Caribbean",61,5.93347937346163e-05
"10746","relative rhythm",2,"x24.00",0,0,0,1,85,"Middle America and the Caribbean",66,5.78540312608661e-05
"10747","relative rhythm",2,"x3.33",0,0,0,1,86,"Middle America and the Caribbean",42,5.64268785863588e-05
"10748","relative rhythm",2,"x3.40",0,0,0,1,87,"Middle America and the Caribbean",95,5.50508055709513e-05
"10749","relative rhythm",2,"x3.67",0,0,0,1,88,"Middle America and the Caribbean",87,5.37234286673757e-05
"10750","relative rhythm",2,"x30.00",0,0,0,1,89,"Middle America and the Caribbean",74,5.24425008881335e-05
"10751","relative rhythm",2,"x32.00",0,0,0,1,90,"Middle America and the Caribbean",35,5.12059025621291e-05
"10752","relative rhythm",2,"x35.00",0,0,0,1,91,"Middle America and the Caribbean",72,5.00116328109464e-05
"10753","relative rhythm",2,"x4.33",0,0,0,1,92,"Middle America and the Caribbean",43,4.8857801681581e-05
"10754","relative rhythm",2,"x4.50",0,0,0,1,93,"Middle America and the Caribbean",34,4.77426228786042e-05
"10755","relative rhythm",2,"x4.67",0,0,0,1,94,"Middle America and the Caribbean",88,4.66644070442384e-05
"10756","relative rhythm",2,"x44.00",0,0,0,1,95,"Middle America and the Caribbean",62,4.56215555397446e-05
"10757","relative rhythm",2,"x5.33",0,0,0,1,96,"Middle America and the Caribbean",96,4.46125546859243e-05
"10758","relative rhythm",2,"x5.50",0,0,0,1,97,"Middle America and the Caribbean",54,4.36359704244888e-05
"10759","relative rhythm",2,"x6.50",0,0,0,1,98,"Middle America and the Caribbean",92,4.26904433655883e-05
"10760","relative rhythm",2,"x7.33",0,0,0,1,99,"Middle America and the Caribbean",89,4.17746841899754e-05
"10761","relative rhythm",2,"x7.50",0,0,0,1,100,"Middle America and the Caribbean",68,4.08874693771388e-05
"13744","relative rhythm",2,"x1.00",839,0.496504392744199,4,0.496504392744199,1,"Middle East",1,0.558518365025622
"13745","relative rhythm",2,"x0.50",275,0.173532351640629,4,0.670036744384828,2,"Middle East",3,0.21909562842171
"13746","relative rhythm",2,"x2.00",260,0.153210182520224,4,0.823246926905052,3,"Middle East",2,0.0991420795465486
"13747","relative rhythm",2,"x0.25",21,0.0407408101848327,4,0.863987737089885,4,"Middle East",9,0.0498263937271435
"13748","relative rhythm",2,"x3.00",15,0.027494992975219,3,0.891482730065104,5,"Middle East",5,0.0271376320955903
"13749","relative rhythm",2,"x0.33",24,0.0260357603937713,4,0.917518490458875,6,"Middle East",4,0.0157501400213156
"13750","relative rhythm",2,"x4.00",11,0.0222480793949721,3,0.939766569853847,7,"Middle East",7,0.00962423607614621
"13751","relative rhythm",2,"x6.00",11,0.0211867396048187,3,0.960953309458666,8,"Middle East",10,0.00613685630480157
"13752","relative rhythm",2,"x0.67",14,0.0209140382959139,4,0.98186734775458,9,"Middle East",8,0.00405580873266177
"13753","relative rhythm",2,"x8.00",7,0.0102948113207547,2,0.992162159075335,10,"Middle East",13,0.0027635476543453
"13754","relative rhythm",2,"x0.75",6,0.0036319612590799,1,0.995794120334415,11,"Middle East",11,0.00193327402645887
"13755","relative rhythm",2,"x1.50",6,0.0023898990360455,2,0.99818401937046,12,"Middle East",6,0.00138384362679692
"13756","relative rhythm",2,"x16.00",1,0.000605326876513317,1,0.998789346246973,13,"Middle East",37,0.00101075117523718
"13757","relative rhythm",2,"x22.00",1,0.000605326876513317,1,0.999394673123487,14,"Middle East",93,0.000751566206975765
"13758","relative rhythm",2,"x32.00",1,0.000605326876513317,1,1,15,"Middle East",35,0.000567831393578152
"13759","relative rhythm",2,"x0.06",0,0,0,1,16,"Middle East",36,0.000435203558039248
"13760","relative rhythm",2,"x0.07",0,0,0,1,17,"Middle East",82,0.000337894725838984
"13761","relative rhythm",2,"x0.08",0,0,0,1,18,"Middle East",45,0.000265439497491246
"13762","relative rhythm",2,"x0.09",0,0,0,1,19,"Middle East",47,0.000210762479469387
"13763","relative rhythm",2,"x0.10",0,0,0,1,20,"Middle East",28,0.000168993740034682
"13764","relative rhythm",2,"x0.11",0,0,0,1,21,"Middle East",40,0.000136726145978122
"13765","relative rhythm",2,"x0.12",0,0,0,1,22,"Middle East",15,0.000111540047798284
"13766","relative rhythm",2,"x0.14",0,0,0,1,23,"Middle East",17,9.16932831974068e-05
"13767","relative rhythm",2,"x0.15",0,0,0,1,24,"Middle East",85,7.59154697597882e-05
"13768","relative rhythm",2,"x0.16",0,0,0,1,25,"Middle East",77,6.3269306718923e-05
"13769","relative rhythm",2,"x0.17",0,0,0,1,26,"Middle East",18,5.30556679803029e-05
"13770","relative rhythm",2,"x0.18",0,0,0,1,27,"Middle East",69,4.47477656676357e-05
"13771","relative rhythm",2,"x0.20",0,0,0,1,28,"Middle East",16,3.79448949879094e-05
"13772","relative rhythm",2,"x0.21",0,0,0,1,29,"Middle East",97,3.23395486694068e-05
"13773","relative rhythm",2,"x0.22",0,0,0,1,30,"Middle East",30,2.76937759674676e-05
"13774","relative rhythm",2,"x0.26",0,0,0,1,31,"Middle East",99,2.3822010034301e-05
"13775","relative rhythm",2,"x0.29",0,0,0,1,32,"Middle East",38,2.0578471645156e-05
"13776","relative rhythm",2,"x0.30",0,0,0,1,33,"Middle East",80,1.7847844604973e-05
"13777","relative rhythm",2,"x0.35",0,0,0,1,34,"Middle East",57,1.55383131643369e-05
"13778","relative rhythm",2,"x0.36",0,0,0,1,35,"Middle East",94,1.35763205464932e-05
"13779","relative rhythm",2,"x0.38",0,0,0,1,36,"Middle East",26,1.19025925892998e-05
"13780","relative rhythm",2,"x0.40",0,0,0,1,37,"Middle East",22,1.046909903598e-05
"13781","relative rhythm",2,"x0.43",0,0,0,1,38,"Middle East",39,9.23671523384782e-06
"13782","relative rhythm",2,"x0.44",0,0,0,1,39,"Middle East",31,8.17341092776115e-06
"13783","relative rhythm",2,"x0.56",0,0,0,1,40,"Middle East",83,7.25283853085689e-06
"13784","relative rhythm",2,"x0.57",0,0,0,1,41,"Middle East",50,6.45322619336339e-06
"13785","relative rhythm",2,"x0.60",0,0,0,1,42,"Middle East",25,5.75650492248109e-06
"13786","relative rhythm",2,"x0.64",0,0,0,1,43,"Middle East",58,5.14761652728047e-06
"13787","relative rhythm",2,"x0.71",0,0,0,1,44,"Middle East",51,4.61396208286626e-06
"13788","relative rhythm",2,"x0.73",0,0,0,1,45,"Middle East",59,4.14496020170943e-06
"13789","relative rhythm",2,"x0.80",0,0,0,1,46,"Middle East",46,3.73169157069941e-06
"13790","relative rhythm",2,"x0.83",0,0,0,1,47,"Middle East",84,3.3666116059824e-06
"13791","relative rhythm",2,"x0.86",0,0,0,1,48,"Middle East",70,3.04331715903081e-06
"13792","relative rhythm",2,"x0.88",0,0,0,1,49,"Middle East",20,2.75635631377041e-06
"13793","relative rhythm",2,"x0.89",0,0,0,1,50,"Middle East",73,2.50107269204925e-06
"13794","relative rhythm",2,"x0.90",0,0,0,1,51,"Middle East",55,2.27347751403022e-06
"13795","relative rhythm",2,"x1.12",0,0,0,1,52,"Middle East",64,2.07014407483699e-06
"13796","relative rhythm",2,"x1.14",0,0,0,1,53,"Middle East",44,1.88812039832368e-06
"13797","relative rhythm",2,"x1.17",0,0,0,1,54,"Middle East",81,1.72485668745741e-06
"13798","relative rhythm",2,"x1.25",0,0,0,1,55,"Middle East",32,1.57814486435337e-06
"13799","relative rhythm",2,"x1.29",0,0,0,1,56,"Middle East",98,1.44606802370219e-06
"13800","relative rhythm",2,"x1.33",0,0,0,1,57,"Middle East",12,1.32695804325136e-06
"13801","relative rhythm",2,"x1.40",0,0,0,1,58,"Middle East",90,1.21935992863172e-06
"13802","relative rhythm",2,"x1.60",0,0,0,1,59,"Middle East",78,1.12200173593877e-06
"13803","relative rhythm",2,"x1.67",0,0,0,1,60,"Middle East",41,1.03376912855867e-06
"13804","relative rhythm",2,"x1.75",0,0,0,1,61,"Middle East",49,9.53683795971979e-07
"13805","relative rhythm",2,"x1.80",0,0,0,1,62,"Middle East",76,8.80885100380246e-07
"13806","relative rhythm",2,"x10.00",0,0,0,1,63,"Middle East",48,8.14614428777276e-07
"13807","relative rhythm",2,"x11.00",0,0,0,1,64,"Middle East",56,7.54201818852695e-07
"13808","relative rhythm",2,"x12.00",0,0,0,1,65,"Middle East",33,6.99054501058734e-07
"13809","relative rhythm",2,"x13.00",0,0,0,1,66,"Middle East",71,6.48647059599616e-07
"13810","relative rhythm",2,"x14.00",0,0,0,1,67,"Middle East",63,6.0251296463699e-07
"13811","relative rhythm",2,"x14.67",0,0,0,1,68,"Middle East",60,5.60237268728959e-07
"13812","relative rhythm",2,"x15.00",0,0,0,1,69,"Middle East",75,5.21450294097271e-07
"13813","relative rhythm",2,"x17.00",0,0,0,1,70,"Middle East",86,4.85822165078869e-07
"13814","relative rhythm",2,"x18.00",0,0,0,1,71,"Middle East",53,4.53058063133431e-07
"13815","relative rhythm",2,"x19.00",0,0,0,1,72,"Middle East",100,4.2289410090959e-07
"13816","relative rhythm",2,"x2.25",0,0,0,1,73,"Middle East",24,3.95093727815326e-07
"13817","relative rhythm",2,"x2.33",0,0,0,1,74,"Middle East",52,3.69444592857127e-07
"13818","relative rhythm",2,"x2.40",0,0,0,1,75,"Middle East",91,3.45755801666547e-07
"13819","relative rhythm",2,"x2.50",0,0,0,1,76,"Middle East",23,3.2385551399577e-07
"13820","relative rhythm",2,"x2.67",0,0,0,1,77,"Middle East",21,3.03588835841317e-07
"13821","relative rhythm",2,"x2.75",0,0,0,1,78,"Middle East",67,2.84815966997687e-07
"13822","relative rhythm",2,"x2.78",0,0,0,1,79,"Middle East",79,2.67410570456143e-07
"13823","relative rhythm",2,"x20.00",0,0,0,1,80,"Middle East",65,2.51258334817743e-07
"13824","relative rhythm",2,"x23.00",0,0,0,1,81,"Middle East",61,2.36255704923909e-07
"13825","relative rhythm",2,"x24.00",0,0,0,1,82,"Middle East",66,2.22308759338258e-07
"13826","relative rhythm",2,"x3.33",0,0,0,1,83,"Middle East",42,2.09332216236169e-07
"13827","relative rhythm",2,"x3.40",0,0,0,1,84,"Middle East",95,1.97248551753546e-07
"13828","relative rhythm",2,"x3.50",0,0,0,1,85,"Middle East",29,1.85987216980127e-07
"13829","relative rhythm",2,"x3.67",0,0,0,1,86,"Middle East",87,1.75483941610956e-07
"13830","relative rhythm",2,"x30.00",0,0,0,1,87,"Middle East",74,1.65680113839032e-07
"13831","relative rhythm",2,"x35.00",0,0,0,1,88,"Middle East",72,1.56522227421538e-07
"13832","relative rhythm",2,"x4.33",0,0,0,1,89,"Middle East",43,1.47961388014326e-07
"13833","relative rhythm",2,"x4.50",0,0,0,1,90,"Middle East",34,1.39952871872153e-07
"13834","relative rhythm",2,"x4.67",0,0,0,1,91,"Middle East",88,1.32455730878685e-07
"13835","relative rhythm",2,"x44.00",0,0,0,1,92,"Middle East",62,1.2543243862041e-07
"13836","relative rhythm",2,"x5.00",0,0,0,1,93,"Middle East",14,1.18848572868814e-07
"13837","relative rhythm",2,"x5.33",0,0,0,1,94,"Middle East",96,1.12672530399771e-07
"13838","relative rhythm",2,"x5.50",0,0,0,1,95,"Middle East",54,1.06875270569986e-07
"13839","relative rhythm",2,"x6.50",0,0,0,1,96,"Middle East",92,1.01430084497858e-07
"13840","relative rhythm",2,"x7.00",0,0,0,1,97,"Middle East",19,9.63123870689103e-08
"13841","relative rhythm",2,"x7.33",0,0,0,1,98,"Middle East",89,9.14995293115279e-08
"13842","relative rhythm",2,"x7.50",0,0,0,1,99,"Middle East",68,8.6970628973424e-08
"13843","relative rhythm",2,"x9.00",0,0,0,1,100,"Middle East",27,8.27064173785981e-08
"16826","relative rhythm",2,"x1.00",2001,0.477405741848375,20,0.477405741848375,1,"North America",1,0.45439346087604
"16827","relative rhythm",2,"x2.00",680,0.167222813432532,20,0.644628555280907,2,"North America",2,0.216756863817634
"16828","relative rhythm",2,"x0.50",727,0.152803507945577,20,0.797432063226484,3,"North America",3,0.115939352196265
"16829","relative rhythm",2,"x3.00",151,0.0470885398041063,15,0.84452060303059,4,"North America",5,0.0674322353519754
"16830","relative rhythm",2,"x0.33",106,0.0413098709247535,14,0.885830473955344,5,"North America",4,0.0418102523029358
"16831","relative rhythm",2,"x1.50",151,0.0263520724720168,10,0.912182546427361,6,"North America",6,0.0272650473430222
"16832","relative rhythm",2,"x0.67",131,0.0221854981229888,11,0.934368044550349,7,"North America",8,0.0185204660665684
"16833","relative rhythm",2,"x4.00",56,0.0196979340880577,10,0.954065978638407,8,"North America",7,0.0130115647135605
"16834","relative rhythm",2,"x0.25",39,0.0123986215774611,10,0.966464600215868,9,"North America",9,0.00940356904492906
"16835","relative rhythm",2,"x1.33",62,0.00605489109148678,5,0.972519491307355,10,"North America",12,0.00696174077212005
"16836","relative rhythm",2,"x5.00",14,0.00507728704648182,5,0.977596778353837,11,"North America",14,0.00526210388865985
"16837","relative rhythm",2,"x2.25",20,0.00313218076375971,2,0.980728959117596,12,"North America",24,0.00404997413213061
"16838","relative rhythm",2,"x0.20",8,0.00274736313942017,3,0.983476322257017,13,"North America",16,0.00316696585294062
"16839","relative rhythm",2,"x0.12",5,0.00266824169530355,3,0.98614456395232,14,"North America",15,0.00251155949157553
"16840","relative rhythm",2,"x0.75",5,0.00229110740843593,3,0.988435671360756,15,"North America",11,0.00201693245802799
"16841","relative rhythm",2,"x0.44",3,0.00192307692307692,1,0.990358748283833,16,"North America",31,0.00163805214052233
"16842","relative rhythm",2,"x0.38",3,0.001875,1,0.992233748283833,17,"North America",26,0.00134392551961604
"16843","relative rhythm",2,"x0.17",7,0.00147193061488671,4,0.99370567889872,18,"North America",18,0.00111281534224159
"16844","relative rhythm",2,"x0.40",3,0.00132801161103048,2,0.99503369050975,19,"North America",22,0.000929213599583557
"16845","relative rhythm",2,"x2.67",18,0.00131093683457281,2,0.996344627344323,20,"North America",21,0.000781883693151991
"16846","relative rhythm",2,"x8.00",2,0.000769230769230769,1,0.997113858113554,21,"North America",13,0.00066256812203489
"16847","relative rhythm",2,"x0.10",1,0.000515463917525773,1,0.997629322031079,22,"North America",28,0.000565119647465101
"16848","relative rhythm",2,"x0.57",1,0.000515463917525773,1,0.998144785948605,23,"North America",50,0.000484907267770052
"16849","relative rhythm",2,"x2.50",1,0.000515463917525773,1,0.998660249866131,24,"North America",23,0.00041840376705912
"16850","relative rhythm",2,"x3.50",1,0.000515463917525773,1,0.999175713783657,25,"North America",29,0.000362895235777402
"16851","relative rhythm",2,"x6.00",2,0.000439670831727858,2,0.999615384615385,26,"North America",10,0.000316273786158807
"16852","relative rhythm",2,"x0.60",1,0.000384615384615385,1,1,27,"North America",25,0.000276887821005858
"16853","relative rhythm",2,"x0.06",0,0,0,1,28,"North America",36,0.000243432642915102
"16854","relative rhythm",2,"x0.07",0,0,0,1,29,"North America",82,0.000214869686381679
"16855","relative rhythm",2,"x0.08",0,0,0,1,30,"North America",45,0.00019036629148767
"16856","relative rhythm",2,"x0.09",0,0,0,1,31,"North America",47,0.000169250377468097
"16857","relative rhythm",2,"x0.11",0,0,0,1,32,"North America",40,0.000150976032440395
"16858","relative rhythm",2,"x0.14",0,0,0,1,33,"North America",17,0.000135097176093507
"16859","relative rhythm",2,"x0.15",0,0,0,1,34,"North America",85,0.000121247245630851
"16860","relative rhythm",2,"x0.16",0,0,0,1,35,"North America",77,0.000109123413255746
"16861","relative rhythm",2,"x0.18",0,0,0,1,36,"North America",69,9.84742398426003e-05
"16862","relative rhythm",2,"x0.21",0,0,0,1,37,"North America",97,8.90899536633422e-05
"16863","relative rhythm",2,"x0.22",0,0,0,1,38,"North America",30,8.07947486964489e-05
"16864","relative rhythm",2,"x0.26",0,0,0,1,39,"North America",99,7.34406471256225e-05
"16865","relative rhythm",2,"x0.29",0,0,0,1,40,"North America",38,6.69025810436658e-05
"16866","relative rhythm",2,"x0.30",0,0,0,1,41,"North America",80,6.10744302258775e-05
"16867","relative rhythm",2,"x0.35",0,0,0,1,42,"North America",57,5.58658139578002e-05
"16868","relative rhythm",2,"x0.36",0,0,0,1,43,"North America",94,5.11994808617583e-05
"16869","relative rhythm",2,"x0.43",0,0,0,1,44,"North America",39,4.70091754554042e-05
"16870","relative rhythm",2,"x0.56",0,0,0,1,45,"North America",83,4.32378866754331e-05
"16871","relative rhythm",2,"x0.64",0,0,0,1,46,"North America",58,3.98364039078133e-05
"16872","relative rhythm",2,"x0.71",0,0,0,1,47,"North America",51,3.67621217191057e-05
"16873","relative rhythm",2,"x0.73",0,0,0,1,48,"North America",59,3.39780466155475e-05
"16874","relative rhythm",2,"x0.80",0,0,0,1,49,"North America",46,3.14519686095392e-05
"16875","relative rhythm",2,"x0.83",0,0,0,1,50,"North America",84,2.91557677761294e-05
"16876","relative rhythm",2,"x0.86",0,0,0,1,51,"North America",70,2.70648318079477e-05
"16877","relative rhythm",2,"x0.88",0,0,0,1,52,"North America",20,2.51575651832984e-05
"16878","relative rhythm",2,"x0.89",0,0,0,1,53,"North America",73,2.34149742205408e-05
"16879","relative rhythm",2,"x0.90",0,0,0,1,54,"North America",55,2.18203152101189e-05
"16880","relative rhythm",2,"x1.12",0,0,0,1,55,"North America",64,2.03587951531392e-05
"16881","relative rhythm",2,"x1.14",0,0,0,1,56,"North America",44,1.90173165153417e-05
"16882","relative rhythm",2,"x1.17",0,0,0,1,57,"North America",81,1.77842589231041e-05
"16883","relative rhythm",2,"x1.25",0,0,0,1,58,"North America",32,1.66492919581374e-05
"16884","relative rhythm",2,"x1.29",0,0,0,1,59,"North America",98,1.56032142079236e-05
"16885","relative rhythm",2,"x1.40",0,0,0,1,60,"North America",90,1.46378145454441e-05
"16886","relative rhythm",2,"x1.60",0,0,0,1,61,"North America",78,1.37457522803961e-05
"16887","relative rhythm",2,"x1.67",0,0,0,1,62,"North America",41,1.29204533734585e-05
"16888","relative rhythm",2,"x1.75",0,0,0,1,63,"North America",49,1.21560203579571e-05
"16889","relative rhythm",2,"x1.80",0,0,0,1,64,"North America",76,1.14471539876139e-05
"16890","relative rhythm",2,"x10.00",0,0,0,1,65,"North America",48,1.07890849394536e-05
"16891","relative rhythm",2,"x11.00",0,0,0,1,66,"North America",56,1.01775141590513e-05
"16892","relative rhythm",2,"x12.00",0,0,0,1,67,"North America",33,9.60856065053832e-06
"16893","relative rhythm",2,"x13.00",0,0,0,1,68,"North America",71,9.0787156937506e-06
"16894","relative rhythm",2,"x14.00",0,0,0,1,69,"North America",63,8.58480262177583e-06
"16895","relative rhythm",2,"x14.67",0,0,0,1,70,"North America",60,8.12394141895916e-06
"16896","relative rhythm",2,"x15.00",0,0,0,1,71,"North America",75,7.69351750626856e-06
"16897","relative rhythm",2,"x16.00",0,0,0,1,72,"North America",37,7.29115417115566e-06
"16898","relative rhythm",2,"x17.00",0,0,0,1,73,"North America",86,6.91468817543779e-06
"16899","relative rhythm",2,"x18.00",0,0,0,1,74,"North America",53,6.56214813954363e-06
"16900","relative rhythm",2,"x19.00",0,0,0,1,75,"North America",100,6.23173535658167e-06
"16901","relative rhythm",2,"x2.33",0,0,0,1,76,"North America",52,5.92180673666273e-06
"16902","relative rhythm",2,"x2.40",0,0,0,1,77,"North America",91,5.6308596220205e-06
"16903","relative rhythm",2,"x2.75",0,0,0,1,78,"North America",67,5.35751824780037e-06
"16904","relative rhythm",2,"x2.78",0,0,0,1,79,"North America",79,5.10052165281998e-06
"16905","relative rhythm",2,"x20.00",0,0,0,1,80,"North America",65,4.85871286989054e-06
"16906","relative rhythm",2,"x22.00",0,0,0,1,81,"North America",93,4.63102924705268e-06
"16907","relative rhythm",2,"x23.00",0,0,0,1,82,"North America",61,4.41649376984868e-06
"16908","relative rhythm",2,"x24.00",0,0,0,1,83,"North America",66,4.21420727096618e-06
"16909","relative rhythm",2,"x3.33",0,0,0,1,84,"North America",42,4.02334142761961e-06
"16910","relative rhythm",2,"x3.40",0,0,0,1,85,"North America",95,3.84313245919851e-06
"16911","relative rhythm",2,"x3.67",0,0,0,1,86,"North America",87,3.67287544827402e-06
"16912","relative rhythm",2,"x30.00",0,0,0,1,87,"North America",74,3.5119192172407e-06
"16913","relative rhythm",2,"x32.00",0,0,0,1,88,"North America",35,3.35966170087355e-06
"16914","relative rhythm",2,"x35.00",0,0,0,1,89,"North America",72,3.21554576206232e-06
"16915","relative rhythm",2,"x4.33",0,0,0,1,90,"North America",43,3.07905540408666e-06
"16916","relative rhythm",2,"x4.50",0,0,0,1,91,"North America",34,2.94971233813539e-06
"16917","relative rhythm",2,"x4.67",0,0,0,1,92,"North America",88,2.82707286945293e-06
"16918","relative rhythm",2,"x44.00",0,0,0,1,93,"North America",62,2.7107250696036e-06
"16919","relative rhythm",2,"x5.33",0,0,0,1,94,"North America",96,2.60028620595418e-06
"16920","relative rhythm",2,"x5.50",0,0,0,1,95,"North America",54,2.49540040265285e-06
"16921","relative rhythm",2,"x6.50",0,0,0,1,96,"North America",92,2.39573651018251e-06
"16922","relative rhythm",2,"x7.00",0,0,0,1,97,"North America",19,2.30098616303739e-06
"16923","relative rhythm",2,"x7.33",0,0,0,1,98,"North America",89,2.21086200725548e-06
"16924","relative rhythm",2,"x7.50",0,0,0,1,99,"North America",68,2.12509608147052e-06
"16925","relative rhythm",2,"x9.00",0,0,0,1,100,"North America",27,2.04343833685863e-06
"19908","relative rhythm",2,"x1.00",2359,0.429190285735369,14,0.429190285735369,1,"Oceania",1,0.57791740744615
"19909","relative rhythm",2,"x2.00",517,0.144219460079869,14,0.573409745815238,2,"Oceania",2,0.167519858147411
"19910","relative rhythm",2,"x0.50",505,0.133165477975842,15,0.70657522379108,3,"Oceania",3,0.0765461838144722
"19911","relative rhythm",2,"x0.33",87,0.0539506607652229,13,0.760525884556303,4,"Oceania",4,0.0431104438898853
"19912","relative rhythm",2,"x3.00",117,0.0365204083210645,12,0.797046292877367,5,"Oceania",5,0.0273930095172087
"19913","relative rhythm",2,"x0.25",71,0.0246412497327549,12,0.821687542610122,6,"Oceania",9,0.0188300602665174
"19914","relative rhythm",2,"x0.14",18,0.0229196072236884,3,0.84460714983381,7,"Oceania",17,0.0136805779650636
"19915","relative rhythm",2,"x4.00",61,0.0209547953613224,11,0.865561945195133,8,"Oceania",7,0.0103562474574712
"19916","relative rhythm",2,"x0.12",6,0.0168697541966427,4,0.882431699391776,9,"Oceania",15,0.00809233715769799
"19917","relative rhythm",2,"x0.67",62,0.0164232438034129,10,0.898854943195188,10,"Oceania",8,0.00648484106971178
"19918","relative rhythm",2,"x8.00",20,0.0156588997945507,5,0.914513842989739,11,"Oceania",13,0.00530450450700429
"19919","relative rhythm",2,"x0.88",9,0.0148026315789474,1,0.929316474568686,12,"Oceania",20,0.00441362361830244
"19920","relative rhythm",2,"x1.50",35,0.0137798665552248,9,0.943096341123911,13,"Oceania",6,0.0037255604527166
"19921","relative rhythm",2,"x7.00",19,0.0109358835143505,4,0.954032224638262,14,"Oceania",19,0.00318366356287485
"19922","relative rhythm",2,"x1.33",14,0.00762018869483363,6,0.961652413333095,15,"Oceania",12,0.00274966286208173
"19923","relative rhythm",2,"x6.00",10,0.00603492590968938,5,0.967687339242785,16,"Oceania",10,0.00239697420370835
"19924","relative rhythm",2,"x0.17",13,0.00357329680884642,3,0.971260636051631,17,"Oceania",18,0.00210667934095595
"19925","relative rhythm",2,"x0.75",12,0.00322455345241909,5,0.97448518950405,18,"Oceania",11,0.00186502771417887
"19926","relative rhythm",2,"x2.25",3,0.0031414897039897,3,0.97762667920804,19,"Oceania",24,0.0016618366700864
"19927","relative rhythm",2,"x0.20",13,0.00311689978049375,5,0.980743578988534,20,"Oceania",16,0.00148943959960722
"19928","relative rhythm",2,"x2.67",6,0.00261534956981465,4,0.983358928558348,21,"Oceania",21,0.00134197794608367
"19929","relative rhythm",2,"x5.00",9,0.00240814908286227,5,0.985767077641211,22,"Oceania",14,0.00121491459369128
"19930","relative rhythm",2,"x1.14",1,0.00164473684210526,1,0.987411814483316,23,"Oceania",44,0.00110469306573441
"19931","relative rhythm",2,"x0.10",5,0.00132532778618255,2,0.988737142269499,24,"Oceania",28,0.00100849475162003
"19932","relative rhythm",2,"x9.00",3,0.00103312841530055,2,0.989770270684799,25,"Oceania",27,0.000924063275654842
"19933","relative rhythm",2,"x32.00",2,0.000899280575539568,1,0.990669551260339,26,"Oceania",35,0.000849575636996225
"19934","relative rhythm",2,"x0.29",6,0.000728916073510082,2,0.991398467333849,27,"Oceania",38,0.00078354643789722
"19935","relative rhythm",2,"x0.40",2,0.000641489703989704,2,0.992039957037838,28,"Oceania",22,0.000724755854514048
"19936","relative rhythm",2,"x1.25",1,0.000618811881188119,1,0.992658768919027,29,"Oceania",32,0.000672194868068456
"19937","relative rhythm",2,"x10.00",4,0.000539808660499492,2,0.993198577579526,30,"Oceania",48,0.000625023196162805
"19938","relative rhythm",2,"x0.11",1,0.000520833333333333,1,0.993719410912859,31,"Oceania",40,0.00058253667386537
"19939","relative rhythm",2,"x3.33",1,0.000520833333333333,1,0.994240244246193,32,"Oceania",42,0.000544141739460425
"19940","relative rhythm",2,"x16.00",3,0.000458412913151891,2,0.994698657159345,33,"Oceania",37,0.000509335313668077
"19941","relative rhythm",2,"x35.00",1,0.000449640287769784,1,0.995148297447114,34,"Oceania",72,0.000477688810462411
"19942","relative rhythm",2,"x12.00",3,0.000445254953994197,2,0.995593552401109,35,"Oceania",33,0.000448835339741056
"19943","relative rhythm",2,"x0.15",1,0.000256147540983607,1,0.995849699942092,36,"Oceania",85,0.000422459395500834
"19944","relative rhythm",2,"x0.18",1,0.000256147540983607,1,0.996105847483076,37,"Oceania",69,0.000398288493983615
"19945","relative rhythm",2,"x0.44",1,0.000256147540983607,1,0.996361995024059,38,"Oceania",31,0.00037608635243524
"19946","relative rhythm",2,"x0.57",1,0.000256147540983607,1,0.996618142565043,39,"Oceania",50,0.000355647293155186
"19947","relative rhythm",2,"x0.86",1,0.000256147540983607,1,0.996874290106027,40,"Oceania",70,0.000336791628179249
"19948","relative rhythm",2,"x0.89",1,0.000256147540983607,1,0.99713043764701,41,"Oceania",73,0.00031936183345861
"19949","relative rhythm",2,"x1.17",1,0.000256147540983607,1,0.997386585187994,42,"Oceania",81,0.000303219362237758
"19950","relative rhythm",2,"x11.00",1,0.000256147540983607,1,0.997642732728977,43,"Oceania",56,0.000288241978716091
"19951","relative rhythm",2,"x13.00",1,0.000256147540983607,1,0.997898880269961,44,"Oceania",71,0.000274321517355048
"19952","relative rhythm",2,"x14.00",1,0.000256147540983607,1,0.998155027810945,45,"Oceania",63,0.000261361992092876
"19953","relative rhythm",2,"x15.00",1,0.000256147540983607,1,0.998411175351928,46,"Oceania",75,0.000249277994532417
"19954","relative rhythm",2,"x17.00",1,0.000256147540983607,1,0.998667322892912,47,"Oceania",86,0.000237993331828809
"19955","relative rhythm",2,"x20.00",1,0.000256147540983607,1,0.998923470433896,48,"Oceania",65,0.000227439864241007
"19956","relative rhythm",2,"x24.00",1,0.000256147540983607,1,0.999179617974879,49,"Oceania",66,0.000217556509666077
"19957","relative rhythm",2,"x30.00",1,0.000256147540983607,1,0.999435765515863,50,"Oceania",74,0.000208288388361236
"19958","relative rhythm",2,"x0.06",2,0.000202265372168285,1,0.999638030888031,51,"Oceania",36,0.000199586085791516
"19959","relative rhythm",2,"x0.21",1,0.000120656370656371,1,0.999758687258687,52,"Oceania",97,0.000191405015364275
"19960","relative rhythm",2,"x0.80",1,0.000120656370656371,1,0.999879343629344,53,"Oceania",46,0.000183704865913892
"19961","relative rhythm",2,"x3.50",1,0.000120656370656371,1,1,54,"Oceania",29,0.000176449121327618
"19962","relative rhythm",2,"x0.07",0,0,0,1,55,"Oceania",82,0.000169604641771458
"19963","relative rhythm",2,"x0.08",0,0,0,1,56,"Oceania",45,0.000163141297673334
"19964","relative rhythm",2,"x0.09",0,0,0,1,57,"Oceania",47,0.000157031649020947
"19965","relative rhythm",2,"x0.16",0,0,0,1,58,"Oceania",77,0.000151250663690183
"19966","relative rhythm",2,"x0.22",0,0,0,1,59,"Oceania",30,0.000145775469481719
"19967","relative rhythm",2,"x0.26",0,0,0,1,60,"Oceania",99,0.000140585135344755
"19968","relative rhythm",2,"x0.30",0,0,0,1,61,"Oceania",80,0.000135660477936346
"19969","relative rhythm",2,"x0.35",0,0,0,1,62,"Oceania",57,0.000130983890226256
"19970","relative rhythm",2,"x0.36",0,0,0,1,63,"Oceania",94,0.000126539189329264
"19971","relative rhythm",2,"x0.38",0,0,0,1,64,"Oceania",26,0.000122311481144949
"19972","relative rhythm",2,"x0.43",0,0,0,1,65,"Oceania",39,0.000118287039721676
"19973","relative rhythm",2,"x0.56",0,0,0,1,66,"Oceania",83,0.000114453199546974
"19974","relative rhythm",2,"x0.60",0,0,0,1,67,"Oceania",25,0.000110798259209268
"19975","relative rhythm",2,"x0.64",0,0,0,1,68,"Oceania",58,0.00010731139508284
"19976","relative rhythm",2,"x0.71",0,0,0,1,69,"Oceania",51,0.000103982583864718
"19977","relative rhythm",2,"x0.73",0,0,0,1,70,"Oceania",59,0.000100802532943663
"19978","relative rhythm",2,"x0.83",0,0,0,1,71,"Oceania",84,9.77626177114573e-05
"19979","relative rhythm",2,"x0.90",0,0,0,1,72,"Oceania",55,9.48548250386062e-05
"19980","relative rhythm",2,"x1.12",0,0,0,1,73,"Oceania",64,9.20717022330865e-05
"19981","relative rhythm",2,"x1.29",0,0,0,1,74,"Oceania",98,8.94063108841563e-05
"19982","relative rhythm",2,"x1.40",0,0,0,1,75,"Oceania",90,8.68521850654955e-05
"19983","relative rhythm",2,"x1.60",0,0,0,1,76,"Oceania",78,8.4403293434615e-05
"19984","relative rhythm",2,"x1.67",0,0,0,1,77,"Oceania",41,8.20540048199781e-05
"19985","relative rhythm",2,"x1.75",0,0,0,1,78,"Oceania",49,7.97990569347498e-05
"19986","relative rhythm",2,"x1.80",0,0,0,1,79,"Oceania",76,7.76335278975254e-05
"19987","relative rhythm",2,"x14.67",0,0,0,1,80,"Oceania",60,7.55528102766162e-05
"19988","relative rhythm",2,"x18.00",0,0,0,1,81,"Oceania",53,7.35525874061973e-05
"19989","relative rhythm",2,"x19.00",0,0,0,1,82,"Oceania",100,7.16288117504596e-05
"19990","relative rhythm",2,"x2.33",0,0,0,1,83,"Oceania",52,6.97776851163719e-05
"19991","relative rhythm",2,"x2.40",0,0,0,1,84,"Oceania",91,6.79956405371892e-05
"19992","relative rhythm",2,"x2.50",0,0,0,1,85,"Oceania",23,6.62793256678323e-05
"19993","relative rhythm",2,"x2.75",0,0,0,1,86,"Oceania",67,6.46255875500209e-05
"19994","relative rhythm",2,"x2.78",0,0,0,1,87,"Oceania",79,6.30314586198699e-05
"19995","relative rhythm",2,"x22.00",0,0,0,1,88,"Oceania",93,6.14941438437846e-05
"19996","relative rhythm",2,"x23.00",0,0,0,1,89,"Oceania",61,6.00110088801345e-05
"19997","relative rhythm",2,"x3.40",0,0,0,1,90,"Oceania",95,5.85795691745258e-05
"19998","relative rhythm",2,"x3.67",0,0,0,1,91,"Oceania",87,5.71974799056887e-05
"19999","relative rhythm",2,"x4.33",0,0,0,1,92,"Oceania",43,5.58625267071869e-05
"20000","relative rhythm",2,"x4.50",0,0,0,1,93,"Oceania",34,5.4572617097457e-05
"20001","relative rhythm",2,"x4.67",0,0,0,1,94,"Oceania",88,5.33257725572095e-05
"20002","relative rhythm",2,"x44.00",0,0,0,1,95,"Oceania",62,5.2120121199049e-05
"20003","relative rhythm",2,"x5.33",0,0,0,1,96,"Oceania",96,5.0953890979391e-05
"20004","relative rhythm",2,"x5.50",0,0,0,1,97,"Oceania",54,4.98254034074255e-05
"20005","relative rhythm",2,"x6.50",0,0,0,1,98,"Oceania",92,4.87330677100765e-05
"20006","relative rhythm",2,"x7.33",0,0,0,1,99,"Oceania",89,4.7675375415669e-05
"20007","relative rhythm",2,"x7.50",0,0,0,1,100,"Oceania",68,4.66508953224075e-05
"22990","relative rhythm",2,"x1.00",2631,0.524150440256839,20,0.524150440256839,1,"South America",1,0.517004157353819
"22991","relative rhythm",2,"x2.00",540,0.102295350511677,18,0.626445790768516,2,"South America",2,0.185741969359489
"22992","relative rhythm",2,"x0.50",477,0.0907062468119276,19,0.717152037580443,3,"South America",3,0.0907167413545038
"22993","relative rhythm",2,"x3.00",332,0.0674122391145106,17,0.784564276694954,4,"South America",5,0.052241247817052
"22994","relative rhythm",2,"x0.33",217,0.0623032640369716,19,0.846867540731925,5,"South America",4,0.0333475051673116
"22995","relative rhythm",2,"x4.00",87,0.024832351537958,12,0.871699892269884,6,"South America",7,0.0228424049652762
"22996","relative rhythm",2,"x1.50",121,0.0208290697967401,12,0.892528962066624,7,"South America",6,0.0164709582338268
"22997","relative rhythm",2,"x0.67",84,0.0163336536730221,8,0.908862615739646,8,"South America",8,0.0123497851838276
"22998","relative rhythm",2,"x0.25",55,0.0150289664603702,10,0.923891582200016,9,"South America",9,0.00954860837018069
"22999","relative rhythm",2,"x0.75",12,0.0121024609465822,6,0.935994043146598,10,"South America",11,0.00756810658042748
"23000","relative rhythm",2,"x6.00",32,0.0100082436770493,4,0.946002286823647,11,"South America",10,0.0061221916146828
"23001","relative rhythm",2,"x0.20",44,0.00911064406387503,8,0.955112930887522,12,"South America",16,0.00503807653570287
"23002","relative rhythm",2,"x5.00",22,0.00716523643056126,6,0.962278167318084,13,"South America",14,0.00420676615192926
"23003","relative rhythm",2,"x1.33",27,0.00678490192701589,6,0.9690630692451,14,"South America",12,0.00355694890289301
"23004","relative rhythm",2,"x0.17",17,0.00520319597912099,6,0.974266265224221,15,"South America",18,0.00304049434172908
"23005","relative rhythm",2,"x2.67",17,0.0046195652173913,1,0.978885830441612,16,"South America",21,0.00262403464253161
"23006","relative rhythm",2,"x8.00",3,0.00193840579710145,2,0.980824236238713,17,"South America",13,0.00228388955813854
"23007","relative rhythm",2,"x0.12",3,0.00177373304782298,2,0.982597969286536,18,"South America",15,0.00200290490296678
"23008","relative rhythm",2,"x1.25",6,0.00175438596491228,1,0.984352355251449,19,"South America",32,0.00176842559616986
"23009","relative rhythm",2,"x7.00",11,0.00168803418803419,2,0.986040389439483,20,"South America",19,0.00157096263557921
"23010","relative rhythm",2,"x0.38",5,0.00168776771161063,3,0.987728157151093,21,"South America",26,0.00140329634988118
"23011","relative rhythm",2,"x0.14",5,0.00161334993938402,3,0.989341507090477,22,"South America",17,0.00125986076629246
"23012","relative rhythm",2,"x4.33",6,0.00128755364806867,1,0.990629060738546,23,"South America",43,0.00113631315805878
"23013","relative rhythm",2,"x9.00",5,0.00121386007503862,2,0.991842920813585,24,"South America",27,0.00102922803291696
"23014","relative rhythm",2,"x0.40",3,0.00120967741935484,1,0.99305259823294,25,"South America",22,0.000935876273875788
"23015","relative rhythm",2,"x5.50",2,0.00094039971448965,2,0.993992997947429,26,"South America",54,0.000854063518187684
"23016","relative rhythm",2,"x3.50",4,0.000843442894132884,3,0.994836440841562,27,"South America",29,0.0007820103748168
"23017","relative rhythm",2,"x0.09",1,0.000833333333333333,1,0.995669774174895,28,"South America",47,0.000718262605208934
"23018","relative rhythm",2,"x12.00",3,0.000464275597061185,3,0.996134049771957,29,"South America",33,0.000661623039826604
"23019","relative rhythm",2,"x0.10",2,0.000429184549356223,1,0.996563234321313,30,"South America",28,0.000611099450419522
"23020","relative rhythm",2,"x2.75",2,0.000429184549356223,1,0.996992418870669,31,"South America",67,0.000565864264846768
"23021","relative rhythm",2,"x0.22",1,0.000403225806451613,1,0.997395644677121,32,"South America",30,0.000525223162225416
"23022","relative rhythm",2,"x0.60",2,0.000319488817891374,1,0.997715133495012,33,"South America",25,0.000488590391182579
"23023","relative rhythm",2,"x2.50",2,0.000319488817891374,1,0.998034622312903,34,"South America",23,0.000455469223799604
"23024","relative rhythm",2,"x4.50",3,0.000278006552096488,2,0.998312628865,35,"South America",34,0.000425436365708427
"23025","relative rhythm",2,"x7.50",1,0.000271739130434783,1,0.998584367995435,36,"South America",68,0.000398129437829819
"23026","relative rhythm",2,"x0.29",1,0.000246305418719212,1,0.998830673414154,37,"South America",38,0.000373236860759646
"23027","relative rhythm",2,"x11.00",2,0.000214825001845972,2,0.999045498416,38,"South America",56,0.000350489631705588
"23028","relative rhythm",2,"x0.44",2,0.000170940170940171,1,0.99921643858694,39,"South America",31,0.000329654602054101
"23029","relative rhythm",2,"x13.00",2,0.000170940170940171,1,0.99938737875788,40,"South America",71,0.000310528952267102
"23030","relative rhythm",2,"x0.56",1,0.000120481927710843,1,0.999507860685591,41,"South America",83,0.000292935627781928
"23031","relative rhythm",2,"x0.08",1,0.000107066381156317,1,0.999614927066747,42,"South America",45,0.000276719550578138
"23032","relative rhythm",2,"x0.36",1,0.000107066381156317,1,0.999721993447904,43,"South America",94,0.000261744460167831
"23033","relative rhythm",2,"x14.00",1,0.000107066381156317,1,0.99982905982906,44,"South America",63,0.000247890267937834
"23034","relative rhythm",2,"x0.26",1,8.54700854700855e-05,1,0.99991452991453,45,"South America",99,0.000235050832205833
"23035","relative rhythm",2,"x19.00",1,8.54700854700855e-05,1,1,46,"South America",100,0.000223132079662822
"23036","relative rhythm",2,"x0.06",0,0,0,1,47,"South America",36,0.000212050413263501
"23037","relative rhythm",2,"x0.07",0,0,0,1,48,"South America",82,0.000201731357996203
"23038","relative rhythm",2,"x0.11",0,0,0,1,49,"South America",40,0.000192108404995223
"23039","relative rhythm",2,"x0.15",0,0,0,1,50,"South America",85,0.000183122021667959
"23040","relative rhythm",2,"x0.16",0,0,0,1,51,"South America",77,0.000174718801292293
"23041","relative rhythm",2,"x0.18",0,0,0,1,52,"South America",69,0.000166850730199586
"23042","relative rhythm",2,"x0.21",0,0,0,1,53,"South America",97,0.000159474554430251
"23043","relative rhythm",2,"x0.30",0,0,0,1,54,"South America",80,0.000152551230814416
"23044","relative rhythm",2,"x0.35",0,0,0,1,55,"South America",57,0.000146045449931898
"23045","relative rhythm",2,"x0.43",0,0,0,1,56,"South America",39,0.000139925220455353
"23046","relative rhythm",2,"x0.57",0,0,0,1,57,"South America",50,0.000134161506066013
"23047","relative rhythm",2,"x0.64",0,0,0,1,58,"South America",58,0.000128727907522537
"23048","relative rhythm",2,"x0.71",0,0,0,1,59,"South America",51,0.00012360038361571
"23049","relative rhythm",2,"x0.73",0,0,0,1,60,"South America",59,0.000118757005699175
"23050","relative rhythm",2,"x0.80",0,0,0,1,61,"South America",46,0.000114177741284606
"23051","relative rhythm",2,"x0.83",0,0,0,1,62,"South America",84,0.000109844262857339
"23052","relative rhythm",2,"x0.86",0,0,0,1,63,"South America",70,0.000105739778628478
"23053","relative rhythm",2,"x0.88",0,0,0,1,64,"South America",20,0.000101848882410588
"23054","relative rhythm",2,"x0.89",0,0,0,1,65,"South America",73,9.81574202016258e-05
"23055","relative rhythm",2,"x0.90",0,0,0,1,66,"South America",55,9.46523713979838e-05
"23056","relative rhythm",2,"x1.12",0,0,0,1,67,"South America",64,9.13217428427858e-05
"23057","relative rhythm",2,"x1.14",0,0,0,1,68,"South America",44,8.81544741581394e-05
"23058","relative rhythm",2,"x1.17",0,0,0,1,69,"South America",81,8.51403530168461e-05
"23059","relative rhythm",2,"x1.29",0,0,0,1,70,"South America",98,8.2269939185806e-05
"23060","relative rhythm",2,"x1.40",0,0,0,1,71,"South America",90,7.95344963247369e-05
"23061","relative rhythm",2,"x1.60",0,0,0,1,72,"South America",78,7.69259306538025e-05
"23062","relative rhythm",2,"x1.67",0,0,0,1,73,"South America",41,7.44367357155752e-05
"23063","relative rhythm",2,"x1.75",0,0,0,1,74,"South America",49,7.20599425531901e-05
"23064","relative rhythm",2,"x1.80",0,0,0,1,75,"South America",76,6.9789074709873e-05
"23065","relative rhythm",2,"x10.00",0,0,0,1,76,"South America",48,6.76181075271684e-05
"23066","relative rhythm",2,"x14.67",0,0,0,1,77,"South America",60,6.55414312817824e-05
"23067","relative rhythm",2,"x15.00",0,0,0,1,78,"South America",75,6.35538177553581e-05
"23068","relative rhythm",2,"x16.00",0,0,0,1,79,"South America",37,6.16503898788723e-05
"23069","relative rhythm",2,"x17.00",0,0,0,1,80,"South America",86,5.98265941346757e-05
"23070","relative rhythm",2,"x18.00",0,0,0,1,81,"South America",53,5.80781754353162e-05
"23071","relative rhythm",2,"x2.25",0,0,0,1,82,"South America",24,5.64011542299062e-05
"23072","relative rhythm",2,"x2.33",0,0,0,1,83,"South America",52,5.47918056165254e-05
"23073","relative rhythm",2,"x2.40",0,0,0,1,84,"South America",91,5.32466402635067e-05
"23074","relative rhythm",2,"x2.78",0,0,0,1,85,"South America",79,5.17623869638812e-05
"23075","relative rhythm",2,"x20.00",0,0,0,1,86,"South America",65,5.03359766661389e-05
"23076","relative rhythm",2,"x22.00",0,0,0,1,87,"South America",93,4.89645278411256e-05
"23077","relative rhythm",2,"x23.00",0,0,0,1,88,"South America",61,4.76453330596206e-05
"23078","relative rhythm",2,"x24.00",0,0,0,1,89,"South America",66,4.6375846668175e-05
"23079","relative rhythm",2,"x3.33",0,0,0,1,90,"South America",42,4.51536734623419e-05
"23080","relative rhythm",2,"x3.40",0,0,0,1,91,"South America",95,4.3976558266683e-05
"23081","relative rhythm",2,"x3.67",0,0,0,1,92,"South America",87,4.28423763400486e-05
"23082","relative rhythm",2,"x30.00",0,0,0,1,93,"South America",74,4.17491245327377e-05
"23083","relative rhythm",2,"x32.00",0,0,0,1,94,"South America",35,4.06949131293707e-05
"23084","relative rhythm",2,"x35.00",0,0,0,1,95,"South America",72,3.96779583177561e-05
"23085","relative rhythm",2,"x4.67",0,0,0,1,96,"South America",88,3.86965752297895e-05
"23086","relative rhythm",2,"x44.00",0,0,0,1,97,"South America",62,3.77491715055769e-05
"23087","relative rhythm",2,"x5.33",0,0,0,1,98,"South America",96,3.68342413365865e-05
"23088","relative rhythm",2,"x6.50",0,0,0,1,99,"South America",92,3.59503599477666e-05
"23089","relative rhythm",2,"x7.33",0,0,0,1,100,"South America",89,3.50961784822829e-05
