"dim","country","mean.est","mean.cilo","mean.cihi","mean.pval","sd.est","sd.cilo","sd.cihi","distr.lo","distr.hi","other.country.mean","nstations","nstationyears"
"q.1","AC",0.481715751749792,-0.585989272703783,1.57847821318348,0.378,0.323819396158469,0.0189609650898927,0.883152480430202,-0.316362199527298,1.33174650676308,-0.000178114391600031,1,2
"q.1","AL",0.575451767963982,0.332191530869515,0.821481562329876,0,0.384778200976019,0.277405600096041,0.496013054115176,-0.190116652698403,1.3186408978797,-0.00429742163735555,3,36
"q.1","AO",0.731863058635184,-0.0715134281497141,1.57032446032478,0.0798000000000001,0.337595610085583,0.0625173658001757,0.692343433582965,0.0061648575775155,1.47407985929513,-0.000430372982074274,2,3
"q.1","AQ",0.821744016393677,0.573844246776149,1.07764195182038,0,0.565816798620047,0.419668607444135,0.74854989109201,-0.45711100226228,1.7016318984227,-0.00741065082228171,9,42
"q.1","BD",0.710175777925328,0.373757548552263,1.04995306813137,0,0.35046497248937,0.190232157399673,0.575505268642537,-0.202249541278239,1.28682049255,-0.00296175616601779,2,20
"q.1","BF",0.820189342351503,0.507097138016855,1.1414710504942,0,0.44043697999566,0.294332534812989,0.623701958287479,-0.274612248360357,1.60693880139023,-0.00398796917040972,7,23
"q.1","BH",0.622328102724483,-1.26633351237244,2.50918053403166,0.5104,NA,NA,NA,-0.933496905989551,1.99566990729245,-8.31006012390528e-05,1,1
"q.1","BK",-0.748749420502392,-0.939270133147094,-0.559064859699359,0,0.734447792736783,0.638496379398675,0.835698768228761,-2.15325526763836,0.793279638931724,0.0103247297224486,6,64
"q.1","BP",0.964597839789992,-0.333642713388709,2.2280323766155,0.1586,0.591103555063595,0.0205511467970712,1.75746060539238,-0.585995207547057,2.31564409839605,-0.000330468748738818,2,2
"q.1","BY",-0.0219388248946426,-0.46547292283099,0.438650734176785,0.921,0.779875228950425,0.496560421241111,1.0114454546689,-1.54273193261979,1.54395907783139,1.28076934072039e-05,2,16
"q.1","CI",-0.23379791376349,-0.579942672260978,0.0833563338645696,0.1622,1.07366164467698,0.814487331073063,1.38649624989301,-3.05267248553316,1.5724453392897,0.00145857277551894,14,29
"q.1","CK",1.03048607530572,0.726765851727271,1.33012021058754,0,0.296368295627772,0.206376053458774,0.397681052281193,0.273756281960982,1.52549443846588,-0.00477765710685435,1,22
"q.1","CQ",0.662368819439344,0.368289922913256,0.941273353887937,0,0.573906831476633,0.435559898865515,0.76904198144653,-0.54945930914403,1.52249318203709,-0.00450964380186612,8,32
"q.1","CY",0.490959028497841,0.355465819284403,0.61317137300641,0,0.705929108034733,0.598133051439362,0.792051880501409,-1.01404797278181,1.97607949086849,-0.0217684851484161,8,200
"q.1","DR",0.98327336754653,0.400382572432712,1.56651852420548,0.00140000000000007,0.401826662842976,0.150414769820394,0.737529688238669,-0.0459819675925833,1.67670105717742,-0.00120546906150418,3,6
"q.1","EC",0.482013398734127,0.152362932859447,0.794298848693414,0.00439999999999996,0.837451894010509,0.675312307074131,1.03134358513502,-1.22050861940082,2.12968869950521,-0.00333087187498477,4,33
"q.1","EI",-0.509689166143467,-0.628841609841631,-0.388865748732308,0,0.431669762385219,0.368366061637546,0.518965820604558,-1.62464572696685,0.229910352275191,0.0240982033273058,12,213
"q.1","FP",0.432150035148603,0.0796517078082285,0.775328313210998,0.0147999999999999,0.854376871328883,0.627018024774595,1.1087301514236,-1.2941187460417,2.03946994197721,-0.00264486859728597,8,29
"q.1","GI",0.501681966118615,-0.146197023830385,1.18614846895052,0.1366,0.601611543143709,0.291531885115957,0.992125236958138,-0.766801522780441,1.8839969169276,-0.000645890474684474,1,6
"q.1","GT",0.588190136823917,-0.218272216819968,1.41518957005848,0.1518,0.774134022020845,0.311369375649685,1.19036127651677,-0.989742590811777,2.21538207295849,-0.000581097942295805,1,5
"q.1","IC",-1.22605107186394,-1.36283038418114,-1.07883406966358,0,0.264746340149826,0.22382301254892,0.303244382212953,-1.74848788060553,-0.693604100443515,0.0442915626433478,10,164
"q.1","ID",0.939046787073359,0.74657986921949,1.11892838953007,0,0.445959355811388,0.365035379062747,0.537667475942024,0.0576293359480565,1.74898337616258,-0.0174655730988706,49,86
"q.1","IO",1.18796245391569,0.699734005565607,1.69522890560951,0,0.195850304166728,0.0868554032736659,0.316837038311944,0.747983886049126,1.60757564542397,-0.00172234606636112,1,7
"q.1","IR",0.0811064614596332,-0.0325982827077712,0.194180737896273,0.1502,0.561037912662314,0.495311360176129,0.614710359541025,-1.07798094640616,1.23122630721044,-0.00320214632339045,31,186
"q.1","JM",1.09063927009656,0.682900154548816,1.50156758536247,0,0.385054973869462,0.23630871756184,0.601151246532621,0.194945824328599,1.75800250666181,-0.00293696361921398,2,13
"q.1","JO",0.742063053027633,0.148314494878208,1.33900301131822,0.0164,0.407756179308488,0.182382881567645,0.661519308765046,-0.0597055559728349,1.56310716622427,-0.000911350342812275,3,6
"q.1","KE",0.628714850367043,0.407149231664077,0.861585263005309,0,0.835804699068536,0.697741647177671,0.972798140135043,-1.00280789437015,2.2705598007736,-0.0101084083322347,5,74
"q.1","KN",-0.602540140339569,-0.817241542639578,-0.392825622553388,0,0.424722187718047,0.335954893213848,0.514163453849636,-1.4748115738368,0.227249916460491,0.00626356941558449,7,48
"q.1","LA",0.72249966144145,-0.0246417062354088,1.45791041151746,0.0591999999999999,0.554322829918974,0.207994907806763,1.00229035284869,-0.459876786267567,1.83754920659194,-0.00074125017669773,3,5
"q.1","LG",-0.736499644959169,-0.858177663678793,-0.616836181978925,0,0.738590961943833,0.648933866235398,0.826112121288804,-2.1447462231797,0.803336965861391,0.0615769556009286,32,361
"q.1","LH",-0.817443899082285,-0.928229963317552,-0.694149557491691,0,0.625556976854794,0.543122413256883,0.70657513819123,-1.87545083209563,0.687505237134296,0.0538934110546288,21,291
"q.1","LO",-0.724735187858654,-0.869525006222183,-0.57527834482662,0,0.53698307343321,0.468560695753126,0.625785132173574,-1.74719941191048,0.385258430795155,0.0198231359575,6,125
"q.1","LU",-0.514701523877066,-0.654111631584994,-0.358907020383402,0,0.724971169027339,0.637301628057431,0.806717107488088,-1.96838111608932,0.983730629133349,0.02482313384382,11,216
"q.1","MC",0.725766159566611,0.272294979859914,1.17493314776397,0.00160000000000005,0.576914442033153,0.398911340292694,0.813407972557274,-0.454130809558956,1.97177894461959,-0.00191066743001329,1,13
"q.1","MJ",-0.0566356776603324,-0.782826317603424,0.659170850377871,0.8694,0.602358853647708,0.29764866372773,0.931950529373031,-1.01775925172625,1.08084699514719,9.57223273362253e-05,3,4
"q.1","MO",0.408516947144064,0.222490835106384,0.596591063784786,0,0.638532877399701,0.519701843498139,0.796253686717069,-0.965544708242723,1.77629342106751,-0.00737306951777929,18,85
"q.1","MT",0.617536795337919,0.0719873831540479,1.17440758139594,0.0236000000000001,0.757406052885878,0.420047883094471,1.16734589143336,-0.898789106910453,2.289625955792,-0.00141248940351554,1,11
"q.1","MU",0.37170511554164,0.118894323594614,0.636265564818167,0.00239999999999996,1.29589565451331,1.06951251084784,1.50760911838505,-3.14540702341441,2.22290121908923,-0.00366387232357067,14,47
"q.1","MV",0.222291093052129,-1.71402378903566,2.03146996862955,0.7986,NA,NA,NA,-1.17560852724115,1.53977487568686,-4.14378482218075e-06,1,1
"q.1","NC",0.998439171875991,0.767483569075399,1.21789588584886,0,0.382954279999295,0.282000375599673,0.498380863621048,0.0497558488145401,1.61717180306505,-0.0107007623097882,3,50
"q.1","NF",0.212636368053889,-0.415029051155242,0.856846317339502,0.525,0.335090553185187,0.101056985689726,0.598352586827934,-0.527382635806242,1.00301376724896,-0.000205880519991989,1,5
"q.1","NH",0.628776065549232,0.0456804529958837,1.25408129368901,0.0367999999999999,0.79369332947772,0.433795138055242,1.11867892663959,-0.893875407949507,2.23065296964288,-0.00120819565359138,6,9
"q.1","NZ",-0.175141536159394,-0.281906288578487,-0.0730689177804009,6e-04,0.574104788065473,0.498739037196655,0.655143516865844,-1.46125377379698,0.869772010508765,0.00753304852907147,15,196
"q.1","PL",-0.623039919109019,-0.8418877569621,-0.410593100496915,0,0.613502631136863,0.491591191844135,0.741033548789696,-1.71963740405655,0.807746354897855,0.00880168286814143,10,66
"q.1","PM",0.331322972550958,0.0159609206069603,0.657176934987316,0.0406,1.00011966889239,0.791357877911336,1.23324303716669,-1.72882833352849,1.59626929561355,-0.00207030273173008,8,28
"q.1","PP",1.10514756383266,0.856928666352601,1.34718099061834,0,0.29805711848725,0.21897200876916,0.392761320165966,0.398727343525097,1.60566575763579,-0.00921309835088264,3,39
"q.1","PS",0.980975067955404,0.739508271934421,1.21473214024701,0,0.528971313342235,0.358028521425046,0.65438051313266,-0.395556995635341,1.68577682035272,-0.0107222057375346,6,51
"q.1","QA",0.948302325235997,-0.0175376739412939,1.91903740394595,0.0546,0.316160364455513,0.0145679616564467,0.805425464965235,0.226423824113781,1.74108690226698,-0.00038885942040765,1,2
"q.1","RP",1.15461411940217,1.00036557660371,1.29052202260401,0,0.418883016648932,0.35852178001916,0.493479093660126,0.174215549278805,1.92255454567473,-0.053926241969144,27,210
"q.1","SU",0.823924809458145,0.669751680938636,0.97348749515294,0,0.781614073102056,0.656763046867229,0.905799349438169,-1.33852384518258,1.69355942418017,-0.0241370636114362,17,135
"q.1","SV",-2.18146636488907,-2.47343977002527,-1.88592465897841,0,0.47639707398876,0.323357054725793,0.67583209904038,-2.95640656734403,-0.717286976057442,0.0177543773810504,2,38
"q.1","SZ",-0.719188195839138,-0.819294907869237,-0.613206623231549,0,0.742577844027448,0.674493295923235,0.805684169995628,-2.17867489467479,0.529311267080408,0.0533022320148505,9,325
"q.1","TO",1.08987542922489,0.866155305105521,1.31528227785728,0,0.275874414795803,0.20653731080831,0.395370004680874,0.539784030939853,1.60286522585517,-0.0100447794521367,6,43
"q.1","TS",0.451420892587984,0.301445222839167,0.601189471441701,0,0.57756418585942,0.484569698294878,0.673539905010203,-0.902516163475136,1.61008415890517,-0.0112752019397022,13,117
"q.1","TU",0.0278416619735749,-0.0565594688200132,0.111298867674272,0.5284,0.595202312420093,0.525918357849174,0.651747596813857,-1.10907753182487,1.23683619093211,-0.00200976789432487,50,319
"q.1","UC",0.485724738603885,-0.534793472672845,1.46029384826136,0.3272,0.883848687490999,0.242141352791571,1.52724390320188,-1.29015718478142,1.6864700482192,-0.0002679954653571,1,3
"q.1","UV",1.10156504620982,0.923959262938184,1.26844512367861,0,0.338637634933739,0.266557270618018,0.41847927928634,0.268787604008527,1.67754804226875,-0.0238658207170249,11,100
"q.1","WI",-0.0745121365483267,-1.03228963723723,0.850611605307105,0.8784,0.665309019690264,0.217805692336546,1.33447655721811,-1.4572860345436,1.11753601912689,9.22221794401511e-05,1,3
"q.1","ZA",0.468429348019901,0.33659977116246,0.600165023757607,0,0.780876205279359,0.691549752447369,0.867071012012738,-1.05369907593804,2.00620032151458,-0.0259388356535303,18,246
"q.1","ZI",0.627516961340466,0.510819270158142,0.739231174999642,0,0.318935572666802,0.276440621210935,0.367020841814469,-0.00355425850763798,1.21047788739481,-0.0273404445906336,20,197
"q.2","AC",-0.683136903363186,-1.74643208724092,0.370257840663398,0.2022,0.356007984026561,0.0250552150774988,0.913354340940207,-1.36553677246374,0.0770738170905252,0.000127648880660241,1,2
"q.2","AL",-0.265048681261305,-0.534635124345831,0.0056103157573957,0.0544,0.643350644168409,0.495050010080985,0.839529968838806,-1.32761270548764,1.27160185457435,0.00192912526395974,3,36
"q.2","AO",-0.0909440083627172,-1.54331503979031,1.17567193724938,0.9472,0.781671325091558,0.13707016148377,1.42746807294772,-1.84816133292875,1.69910090915725,-0.000122643070973894,2,3
"q.2","AQ",-1.81787545524229,-2.13341354867276,-1.51432496609482,0,1.13154938035746,0.887185700506902,1.3480341574861,-3.94553288916113,0.938212685843229,0.0161388455891942,9,42
"q.2","BD",-0.774253700400941,-1.11706483814855,-0.436491524501233,0,0.343549222493788,0.243382893262794,0.43473809007974,-1.46799988886371,-0.0863704298897215,0.00313756644503706,2,20
"q.2","BF",-0.128711614236859,-0.517706194380416,0.258966878129493,0.5168,0.719351937111786,0.553929733740103,0.929082543671096,-1.48751772023617,1.23394454287596,0.000484669867379224,7,23
"q.2","BH",-0.799496996361956,-2.26356349520804,0.693254277940528,0.2892,NA,NA,NA,-1.43675434822585,-0.0810215480377399,7.91309830548942e-06,1,1
"q.2","BK",0.0409621170606551,-0.151073258514328,0.232594726523025,0.6844,0.680611750328945,0.584598286747175,0.763012345615775,-1.38048141864966,1.20366928629907,-0.000797278244379666,6,64
"q.2","BP",-0.446186657757113,-1.51884451886157,0.616860521676376,0.4166,0.257436213339985,0.019790342417422,0.661606618529308,-1.12671965550586,0.266040663874222,2.96355604337882e-05,2,2
"q.2","BY",-0.193998279658436,-0.567549567749519,0.195677546665735,0.3074,0.422844254129373,0.288926900781676,0.582442775663869,-1.00532287232813,0.612652717041711,0.000506974428267838,2,16
"q.2","CI",0.500925196160636,0.185326897293601,0.821537089351238,0.002,1.63230629229587,1.42428354193206,1.81394091400658,-1.7630046890323,4.10384363365765,-0.00326296289916683,14,29
"q.2","CK",-1.29375240778149,-1.75814098011711,-0.840005828525346,0,0.653912974315934,0.454420649653775,0.840479001042827,-2.57423643035992,0.107378826809283,0.00580031050074564,1,22
"q.2","CQ",-1.44834186835119,-1.78939053870718,-1.13156474341496,0,0.694615404475109,0.512163500049616,0.895792718383231,-2.54082331933706,0.372134530506206,0.00955783799001731,8,32
"q.2","CY",0.80740727622351,0.644651394561149,0.94466525034839,0,0.512296602800422,0.446712233682107,0.5693195043232,-0.268225055271316,1.7628915969175,-0.0355628270420276,8,200
"q.2","DR",-0.207926735557184,-1.04505359765386,0.547842836694482,0.6288,0.808289873895887,0.373415720048067,1.41031760337953,-1.8124152283566,1.60124689009442,0.000112226482789386,3,6
"q.2","EC",-0.972404796198228,-1.25505282653631,-0.695997203031393,0,0.828172596327517,0.673496525995518,0.971530526861833,-2.9635235151052,0.492026121165255,0.00664376245345096,4,33
"q.2","EI",-0.816424315060897,-0.956645007412539,-0.654366486190821,0,0.550543436300581,0.458221651549822,0.619616075734725,-1.83002616865699,0.263091261834828,0.0382489768327748,12,213
"q.2","FP",-0.879190207640455,-1.18042974053153,-0.575623688351749,0,0.513549288964839,0.396148162412976,0.628475772396618,-1.84619008723633,0.115308320332082,0.00518110467158362,8,29
"q.2","GI",0.195367728149131,-0.473392125322887,0.849959658283617,0.5554,0.696619688732133,0.310327795205706,1.08171300821801,-1.46557476749044,1.19642070916311,-0.000373698771333764,1,6
"q.2","GT",-0.152305292821979,-0.814792130767224,0.503777546318833,0.6608,0.379838474552397,0.14909837898344,0.657482574236973,-0.911795123452841,0.65593464448755,-2.36051825610459e-05,1,5
"q.2","IC",-0.780915408724359,-0.930569750788782,-0.551075717393329,0,0.535937553656148,0.463110081823684,0.6155406130313,-1.82619048418227,0.308021857039642,0.027746485369702,10,164
"q.2","ID",-0.011830521006448,-0.284043778114438,0.225562667307071,0.9662,0.879454306428413,0.724807087853849,1.03012231622607,-1.67932367687296,1.75749982707676,0.000235068145342861,49,86
"q.2","IO",-1.42548068465521,-2.00876480300167,-0.84399629611906,0,0.428327921957747,0.239535909280143,0.63262847155739,-2.25426226544312,-0.572358243581783,0.00194828037613375,1,7
"q.2","IR",1.25220075476741,1.0570057548435,1.40285968533089,0,0.73273749838789,0.628181626673783,0.826092879459993,-0.339734927914935,2.67090869910252,-0.0511734606979375,31,186
"q.2","JM",-0.24013868165267,-0.804912444686913,0.39342019189138,0.4246,0.789914039273711,0.463542396447621,1.18023559672835,-1.75090859068398,1.50533550161799,0.000423572600782988,2,13
"q.2","JO",0.632024349631648,-0.205166920402821,1.47030079859052,0.1402,0.746047439335359,0.334331433125619,1.34292560273108,-0.865032441787998,2.20998850709822,-0.000958480346223575,3,6
"q.2","KE",0.532739783065744,0.333939534180262,0.725057457162246,0,0.692792033388361,0.600194944154333,0.789710935081467,-0.813055106078186,1.87673573681764,-0.00864537051340577,5,74
"q.2","KN",0.513803451923225,0.220671659985263,0.816323145357316,0.000399999999999956,0.773057525407091,0.60292778631867,0.957023806306027,-1.0208755699116,2.07162179787272,-0.00543979250363163,7,48
"q.2","LA",0.136995284628034,-0.972750708778882,1.12052578420985,0.7464,0.977810534404398,0.407045402984132,1.77241027715556,-1.83905630117153,1.96353593541513,-0.000287186892148076,3,5
"q.2","LG",0.0557993482643691,-0.0371874712197715,0.159969911770604,0.2526,0.478843471428749,0.423201272192833,0.522198327357313,-0.857063739467398,1.00464430405691,-0.00492299579451985,32,361
"q.2","LH",0.037285585097183,-0.0709250259790112,0.143564841412726,0.4794,0.507479803836372,0.443208357184266,0.569518548491269,-0.930859535334192,1.05303353289075,-0.00262397399285696,21,291
"q.2","LO",0.242048715430347,0.0898514999289501,0.394677662363991,0.00180000000000002,0.57519749776923,0.487795860084732,0.654297093384179,-0.91915530421659,1.37466564794247,-0.00680243721380079,6,125
"q.2","LU",-0.195124866308387,-0.304301284949126,-0.0859990796983607,0,0.454585148183558,0.394881196760686,0.518027978216929,-1.07348029878762,0.693092444616529,0.00920274049756883,11,216
"q.2","MC",-0.158824751030812,-0.666090615334767,0.346585579895729,0.5426,0.713801047089984,0.444441669313958,1.06593297024508,-1.40769249853272,1.44719532899816,0.000262772355361013,1,13
"q.2","MJ",0.261601876711506,-0.735318470923132,1.25880212393553,0.613,0.740499272375181,0.277677589888097,1.44325946422388,-1.43534287918027,1.96218400090641,-0.000384704540285309,3,4
"q.2","MO",0.908803546185983,0.708418573922275,1.11083117839964,0,0.697362589249993,0.583585938154258,0.793807353090804,-0.719249911197047,2.13885653710276,-0.0166766297352025,18,85
"q.2","MT",0.304045356675822,-0.179239351761982,0.782683350681538,0.223,0.49143459880217,0.269809406483452,0.741206633587639,-0.761349077240374,1.31366150517772,-0.000836990176000935,1,11
"q.2","MU",1.49794613662311,1.22369051205787,1.7889566816927,0,1.27809202128262,1.09989815881042,1.44033222263566,-0.931226522324569,4.15902173432468,-0.0151257091300136,14,47
"q.2","MV",0.724620905273973,-0.74586725792818,2.20816368355435,0.3262,NA,NA,NA,-0.0601085796198189,1.38132243615224,-0.000299141484827423,1,1
"q.2","NC",-1.00122050409327,-1.25117576834431,-0.752916732063409,0,0.847892517969986,0.721860512485481,1.00074512487499,-2.36328198009603,0.820225852898539,0.0105694273066269,3,50
"q.2","NF",-0.815877543263165,-1.73164992241063,0.0613428600066952,0.0686,0.725838807022876,0.335834327199694,1.18388093918715,-2.35080285145347,0.680454787554932,0.000725379532094441,1,5
"q.2","NH",-0.873416222240003,-1.39075016125219,-0.362567325394708,0.0016,0.640330717800089,0.461664581564484,0.851989555474448,-2.12310257486044,0.458291318097064,0.00151308880005084,6,9
"q.2","NZ",-0.777113679850501,-0.916247564030963,-0.615664252808491,0,0.853691359295042,0.73884735734768,0.963362220356671,-2.35192896550047,0.735538835474613,0.0331887531871913,15,196
"q.2","PL",0.135942608656125,-0.0663666097726919,0.338027459745072,0.1928,0.441928981899145,0.378166338755738,0.516084734824267,-0.752437277419805,0.964898740898683,-0.00204500833802195,10,66
"q.2","PM",-1.62365303992575,-1.93774786718764,-1.30863299936116,0,1.08263602602541,0.916038558929502,1.27914713765333,-3.89895801947424,-0.0951486012511768,0.00950965403370847,8,28
"q.2","PP",-1.20093022265118,-1.46698055811569,-0.936453721818257,0,0.823041884378259,0.6454287438006,1.0078376902521,-2.41559728990057,0.473755823425792,0.00978513544099173,3,39
"q.2","PS",-1.68053007296723,-1.96682991378855,-1.35681552614947,0,0.904944654769521,0.722433688737858,1.16312688278063,-2.93481552059579,0.864800598985825,0.0180024329791151,6,51
"q.2","QA",1.02865720599808,-0.344100925587442,2.44025219558844,0.1364,0.659958292569418,0.0188972032473525,1.75901841702239,-0.536791897571289,2.40302743605305,-0.000545265094833816,1,2
"q.2","RP",-0.486310125099403,-0.629422445575616,-0.337939751717964,0,0.726489155728408,0.627473987752991,0.829744449708228,-1.83931786994877,1.09533166114672,0.0226725014398455,27,210
"q.2","SU",1.18346438001942,0.949424017765311,1.35142104172836,0,0.893899744974011,0.769583769532149,0.977567902627769,-0.186049001340207,3.44694703949122,-0.0348812174974175,17,135
"q.2","SV",-0.202281435506716,-0.502509818319026,0.114301551696006,0.1864,0.561555485631488,0.439577772210963,0.691743814034731,-1.23410513842048,1.02314291496368,0.00142619565891982,2,38
"q.2","SZ",-0.339419506449127,-0.438094946138,-0.209975736470585,0,0.694434892361078,0.599039323693344,0.753224150101908,-1.7449268865373,0.85155743023972,0.0248891551802454,9,325
"q.2","TO",0.0356129756746735,-0.21748274244886,0.27560331392611,0.7798,0.452089109212392,0.350271294525006,0.610320405881864,-0.855155956714366,0.906975333111185,-0.000440960356965445,6,43
"q.2","TS",0.820836935078683,0.641251284276097,0.99570970366448,0,0.698524465495372,0.580769399728151,0.797694645883904,-0.663833006430258,2.14204376647129,-0.021103734178937,13,117
"q.2","TU",0.408625624586637,0.305969519845561,0.512642064586628,0,0.702842234142243,0.605422939199832,0.795608357254167,-0.986048137234665,1.81346152468972,-0.0296829452046328,50,319
"q.2","UC",0.306233051331908,-0.655942834990211,1.23375698300929,0.5166,0.901815377854902,0.186951324847542,1.62389523927691,-1.48981964716275,1.4907248418734,-0.000379314035359216,1,3
"q.2","UV",0.410353834917515,0.205607054773324,0.599926610394643,0,0.55642245270627,0.463206542416974,0.67286874081274,-0.670745680053157,1.58412022696776,-0.00878819961236512,11,100
"q.2","WI",1.461110888451,0.452191036244384,2.50720430986561,0.00459999999999994,1.4329506239279,0.571624387264053,2.25743329387673,-1.27030520989111,2.95835945458229,-0.00108960752603997,1,3
"q.2","ZA",0.0856657019670985,-0.0241726378779107,0.18894085857086,0.1206,0.516905721236415,0.454129903853075,0.576064439310308,-0.942926597826379,1.0730402511331,-0.00468858893035294,18,246
"q.2","ZI",0.287332270925074,0.151177102953851,0.411759454300352,0,0.598331611953901,0.510159400838703,0.664905072336582,-0.933247614630581,1.40032958082981,-0.0126994537973998,20,197
"q.3","AC",0.322793833393441,-1.16758168684199,1.76724994286706,0.6764,0.603606741920412,0.0706200860184205,1.46734919344547,-1.05060914500375,1.69530833009133,-0.000258678083131651,1,2
"q.3","AL",-0.295746534598204,-0.70104598455159,0.096410660857195,0.143,0.91064577690461,0.651139613413017,1.13475757897754,-2.07707187693124,1.48908269690146,0.00215632694060094,3,36
"q.3","AO",0.0146739891070141,-1.2777843718132,1.29466175700635,0.9856,0.830882868027245,0.14926427019253,1.79940426650104,-1.66756346337244,1.64972974584821,-0.000124722350077126,2,3
"q.3","AQ",-0.139306763458176,-0.507613189385775,0.224186706058998,0.4426,0.836800066027656,0.63158205720953,1.02963042299401,-1.68015874438266,1.67955162344941,0.00111927728356522,9,42
"q.3","BD",0.120905885393857,-0.361988729067093,0.649710107336306,0.6376,0.653841129846588,0.441182615844786,0.94097381466029,-1.36527046584046,1.32484258129801,-0.000605791942869716,2,20
"q.3","BF",-0.0678384899517604,-0.541799660897433,0.403556662610217,0.7786,0.799087711675101,0.533133922688291,1.0394872416329,-1.65349136980252,1.54705796106355,0.000269747457231896,7,23
"q.3","BH",-0.405602142972576,-2.70434319502378,1.86919313359712,0.717,NA,NA,NA,-2.23537115256708,1.35036391615714,-1.66875263861696e-05,1,1
"q.3","BK",-0.335453833993018,-0.600814224655016,-0.069953730909998,0.01,0.713901496147574,0.572371735042161,0.83118729948939,-1.68694929469642,1.10284220343702,0.00456854199557403,6,64
"q.3","BP",-0.443797911222356,-2.05494556976253,1.19300952096319,0.601,0.72997664989609,0.0300840904960397,2.14328741340824,-2.35556853680517,1.20927290113094,0.000127636021420516,2,2
"q.3","BY",-0.0819225486342316,-0.710288654233338,0.556947173373695,0.7904,0.920395525242724,0.581715568682235,1.33792700821061,-1.90080512578288,1.74639449364786,5.78315057841655e-05,2,16
"q.3","CI",0.46229540412801,0.0563618157743139,0.892587965843271,0.022,1.13834771732583,0.847047407784208,1.41309632709746,-1.63988033426195,2.87741629829336,-0.00298873192773399,14,29
"q.3","CK",-0.243641908360548,-0.737055008366729,0.31267422380348,0.3436,0.748138010140739,0.55352901085272,0.937983278406024,-1.69373166575197,1.31470875225063,0.000916958626739842,1,22
"q.3","CQ",0.212693538975352,-0.192101937756874,0.597546629540085,0.3024,0.837562896060681,0.620791023263004,1.09765895379769,-1.37515230559422,1.90547774717843,-0.001631482822438,8,32
"q.3","CY",-0.0199001693107808,-0.198525595842517,0.165882676517859,0.8244,0.903025157695876,0.793749428397702,1.01950448130034,-1.8830775673052,1.68491026489275,0.000923217119332631,8,200
"q.3","DR",-0.220705939910772,-1.19482273881501,0.748868563894775,0.683,0.852518789098859,0.340866114280927,1.52066191002038,-1.91177341680953,1.52986728921235,0.000163283640709238,3,6
"q.3","EC",-0.415759478526827,-0.843517340484801,0.0329989368393569,0.0682,0.919887158277814,0.71720177040965,1.11286748558063,-2.25180059502329,1.41984324140055,0.0028022521917409,4,33
"q.3","EI",0.933522370828429,0.7144549029634,1.12514222499093,0,0.816960861354126,0.6758000793994,0.919063927243567,-0.877992021737074,2.44912917929255,-0.0448104966503127,12,213
"q.3","FP",-0.341855543522515,-0.856880517267077,0.163000821298495,0.1776,0.938330344827597,0.673630010812154,1.27869313555384,-2.21995571412807,1.52576288570647,0.00196364322490877,8,29
"q.3","GI",-0.100127699910534,-1.08734302113704,0.914466405467554,0.8412,0.894074361352668,0.328522268129322,1.4647381976464,-1.87315209274243,1.59966595707589,6.95981145646679e-06,1,6
"q.3","GT",-0.304521326706003,-1.39277767112498,0.774832548697145,0.579,0.882008182637789,0.339598183714692,1.61408190508297,-2.15195902985594,1.45192758921139,0.000251708462463408,1,5
"q.3","IC",0.169943978898527,-0.0356815242694193,0.354998961655577,0.0955999999999999,0.616692030688193,0.508453969054108,0.69436898016637,-1.12443414223859,1.4011919046754,-0.00661867649672007,10,164
"q.3","ID",-0.128907850384679,-0.437470947197896,0.151820364478966,0.3914,0.874786767975087,0.71751944716911,1.02326807419734,-1.84933147655497,1.60231951328663,0.00249368879196945,49,86
"q.3","IO",-0.414970870009714,-1.17598158445618,0.368361465637031,0.2928,0.541219517257871,0.286684330982415,0.90660375736194,-1.59518521608104,0.672113810503596,0.000565222363726402,1,7
"q.3","IR",0.136830014283274,-0.0616553334740392,0.317805552073639,0.1512,0.871538547152841,0.710639727277843,0.989982756739736,-1.72145264433316,1.73760795722869,-0.00552066695920637,31,186
"q.3","JM",-0.268188325543533,-0.933177475679432,0.373117809614951,0.4302,0.824945530003344,0.44039859679374,1.18369814660523,-1.92039390806034,1.43169661329019,0.000670266601667255,2,13
"q.3","JO",0.0295379535834158,-0.937180257060305,1.05804156618781,0.9628,0.859988876113969,0.248073148279978,1.36597094066013,-1.74617265732158,1.70097164526036,-0.000120382201923764,3,6
"q.3","KE",-0.282584382911265,-0.610172155082903,0.00972742646556564,0.061,0.954763631595285,0.759862582617987,1.10986524988204,-2.15074199226233,1.5777774254475,0.00438191102044299,5,74
"q.3","KN",-0.585704986129418,-0.968804627801196,-0.215669381065766,0.0028,0.874281172348622,0.724473576687079,1.00641182306079,-2.37707972962778,1.10158991433918,0.00587481173978946,7,48
"q.3","LA",-0.035187914526817,-1.17244866943376,1.15270118241186,0.9454,0.9526235731835,0.435792996146168,1.6434898519958,-1.9360867604925,1.95548745300792,-0.000151539853798829,3,5
"q.3","LG",0.175678182352399,0.0222363181285104,0.327964391513809,0.0238,0.982033896845749,0.8412614890562,1.06439851521142,-1.79319497048225,2.10146522108951,-0.014284272006193,32,361
"q.3","LH",-0.24813632019851,-0.4036294839838,-0.0975224442665151,2e-04,0.96925680450116,0.843291728861011,1.07537841829701,-2.03373330693123,1.81115266961798,0.0161512766933942,21,291
"q.3","LO",-0.52960347715304,-0.731860828024023,-0.328290599192601,0,0.85061524924399,0.688257036929976,0.979793705975593,-2.21013953333897,1.10976800707571,0.0142322510639533,6,125
"q.3","LU",0.247947784450106,0.0813239816758714,0.426288429962454,0.00340000000000007,0.86939426676335,0.713738464174182,0.977295808761264,-1.47273193415616,2.0045760326952,-0.0123406522391191,11,216
"q.3","MC",-0.161774557119807,-0.849984616357227,0.523985014736129,0.6576,0.904916034991638,0.58011163486511,1.32085182720124,-2.07210197242191,1.62081100732134,0.000382334586361695,1,13
"q.3","MJ",-0.0649797306157939,-1.26679859837768,1.14434536773128,0.9184,0.804902645351531,0.212647238166405,1.48239144152263,-1.68080027499565,1.68848428292997,8.17326008631875e-06,3,4
"q.3","MO",0.23241936984659,-0.0312854104936378,0.489117234924648,0.0828,0.923104634685321,0.749639760346918,1.08825069237191,-1.72391578444622,1.91677445886949,-0.00428378008763489,18,85
"q.3","MT",-0.171739646504616,-0.888796168876717,0.524656057761253,0.6384,0.914912901879562,0.555739850427029,1.34056911190994,-2.05439758545585,1.63768209556224,0.000292847294201437,1,11
"q.3","MU",0.256665958300917,-0.115879164220984,0.608686212980657,0.1544,1.24521282906501,0.905170656921337,1.49947188635512,-1.89237119834385,2.95687684824411,-0.00268578803440669,14,47
"q.3","MV",-0.0729699215922928,-2.52362028643042,2.4991655858694,0.9308,NA,NA,NA,-1.77489453358224,1.54607320045853,-8.8532649603713e-05,1,1
"q.3","NC",-0.961671965793473,-1.31594610952587,-0.606400394241858,0,1.17976710750333,0.943325593756062,1.40731754033714,-3.03573253477274,1.22300418238576,0.0100700545951952,3,50
"q.3","NF",0.546409645214497,-0.501454212643454,1.64861419941128,0.322,0.82005564643958,0.354864828936553,1.5126063772351,-1.24739538153219,2.23843390950846,-0.000649016950447743,1,5
"q.3","NH",-0.584646442791008,-1.40825139688461,0.261450578593456,0.1722,0.920925765579697,0.501246031788306,1.3297943405187,-2.38999856359244,1.35605297866423,0.000856027637716355,6,9
"q.3","NZ",0.744289672028073,0.542554906194369,0.938273667377151,0,0.859274567203269,0.704718844471184,0.967932767178551,-1.06528324844853,2.37536602656698,-0.0324854531044479,15,196
"q.3","PL",-0.101471346471173,-0.394242448218387,0.182286720986732,0.4882,0.914660214643545,0.727751865233235,1.05112367279997,-1.98180997661499,1.7587218693938,0.00118348153313017,10,66
"q.3","PM",-0.232904393685467,-0.678650381026871,0.211679963895012,0.3122,0.841294131226363,0.585779567704577,1.18804545971636,-1.80019319630517,1.61693353810854,0.00114396821924663,8,28
"q.3","PP",-0.260093506764677,-0.641661179294045,0.115818756212377,0.1676,0.699765617259432,0.551273078497943,0.86932769831769,-1.62119598773451,1.20094438732059,0.00211231542220628,3,39
"q.3","PS",-0.286409885216439,-0.610198969143693,0.0417395669056081,0.0824,0.813883424591722,0.626338368038794,0.98056721962067,-1.74000207839104,1.56601667984853,0.00320990220025604,6,51
"q.3","QA",-0.114111042376194,-1.81305734323775,1.61299189651663,0.8862,0.805114543147883,0.0308887373587371,2.11912932226738,-2.02730841098956,1.61879876742488,-4.1399959670396e-05,1,2
"q.3","RP",-0.528793531108584,-0.709908692408897,-0.334379471582104,0,0.798987136628449,0.674713062495981,0.879862760917146,-2.06812160010798,1.11196858861159,0.0246562096531218,27,210
"q.3","SU",0.0323282711100355,-0.204657994383266,0.262323327927855,0.7882,1.0098450562846,0.850960271035845,1.15220113713996,-1.67903059797271,2.4421598669496,-0.000558659367630856,17,135
"q.3","SV",-0.454465571389575,-0.858866499481375,-0.0717956550763069,0.0202,0.687361797538455,0.499001496128685,0.873408895449397,-1.7828857146437,1.24859109956268,0.00356954069696464,2,38
"q.3","SZ",-0.0270437419106587,-0.152448566415333,0.0964422674883622,0.6674,0.730942776795842,0.581912697361599,0.836253346478996,-1.47617161347782,1.3920094534783,0.00172556877050175,9,325
"q.3","TO",-0.285712943632477,-0.625339004521532,0.049136659787552,0.0966,0.700126087504626,0.548041356656243,0.858583576485603,-1.66771491917149,1.07871530304779,0.00256663880612645,6,43
"q.3","TS",0.219320922150501,0.0133319782050961,0.432632189144153,0.0396000000000001,0.859173733199981,0.686250619530322,0.985742892579009,-1.57317385659947,1.8355648215695,-0.00536023159246317,13,117
"q.3","TU",0.019853554416917,-0.104284334951469,0.149015880314015,0.7684,0.868680031135993,0.729288916545929,0.960059598443886,-1.79383381702987,1.6824479484512,-0.00159397496476583,50,319
"q.3","UC",-0.212245774884007,-1.6254457747144,1.13876540347583,0.7806,0.802636608748676,0.115329868029787,1.87717955641084,-1.85276938265406,1.60087835895318,-1.42161180308837e-05,1,3
"q.3","UV",-0.337539727375017,-0.584667747472581,-0.0946400608917745,0.0056,0.737286384553447,0.591997174842476,0.868301111041606,-1.76978428722652,1.17278694287731,0.00722246435786809,11,100
"q.3","WI",0.940220169474326,-0.448977598100063,2.32972740249221,0.191,1.17046347680977,0.24494059691172,2.16378865969458,-1.24437915601255,2.94206892896701,-0.000702353742016708,1,3
"q.3","ZA",-0.264369402080087,-0.43074040140646,-0.0971456747418756,0.0024,0.916885457268358,0.772458306012751,1.02325320362239,-2.07454263006218,1.55232484049509,0.0143222284358714,18,246
"q.3","ZI",0.0802290048920032,-0.0827970291995119,0.236456448037738,0.3194,0.7189108268486,0.599126122412528,0.815506341073812,-1.33893088054294,1.48412764341051,-0.0038983553141856,20,197
