dim,id_nhs,meanest,meancilo,meancihi,meanpval,sdest,sdcilo,sdcihi,distrlo,distrhi,otherculturemean,othernhsregionmean,otherglottomean,otherworldmean,otherhrafregionmean,otherhrafsubregionmean,otherhrafsubsistencemean,nhs_region,hraf_region,hraf_subregion,hraf_subsistence,ncites,npassages,culture,indx,_merge
Formality,NHS-C001,-.18240149,-.7453528,.36481237,.52066666,0.628740895628384,0.366656282191689,0.920266485300488,-1.4811335,1.0558623,.0003473199,.0007393884,-0.000589384268874984,.1782904,-.0046439068,.0007393884,-.09339536,NHS-R13,Oceania,Melanesia,intensive agriculturalists,4,13,Kapauku,2112,matched (3)
Arousal,NHS-C001,-.37213776,-.95199943,.19515622,.19883333,0.706812227492041,0.457063324119279,1.03876732214874,-1.7875444,1.0484538,.00092343771,.0032266176,-0.000854775275664857,-.00013332395,-.0042579742,.0032266176,.043820724,NHS-R13,Oceania,Melanesia,intensive agriculturalists,4,13,Kapauku,2109,matched (3)
Religiosity,NHS-C001,.50666398,-.0653845,1.0932307,.084583335,0.780175113701029,0.493626335585517,1.12842062748544,-.94315022,2.200928,-.0013007045,-.0028727737,0.00282438537015332,.08894185,-.0034824912,-.0028727737,-.030288978,NHS-R13,Oceania,Melanesia,intensive agriculturalists,4,13,Kapauku,2118,matched (3)
Arousal,NHS-C002,-.31903192,-.52439916,-.13021757,.00083333335,0.813821115520326,0.663652788714651,0.92013835080629,-1.8901297,1.2585278,.0083761076,.0083761076,0.00672791908578278,-.00013332395,.030794572,.0083761076,-.016122887,NHS-R11,North America,Eastern Woodlands,horticulturalists,16,121,Iroquois,2082,matched (3)
Religiosity,NHS-C002,-.21743424,-.41785458,-.018062228,.032499999,0.843305603130613,0.684901715320725,0.962215659303114,-1.8660471,1.4452682,.0058093388,.0058093388,0.0101986912314043,.08894185,.049105357,.0058093388,.049090207,NHS-R11,North America,Eastern Woodlands,horticulturalists,16,121,Iroquois,2018,matched (3)
Formality,NHS-C002,-.40286952,-.60190451,-.20843601,0,0.677701555334866,0.532108915090982,0.778450676684542,-1.693352,1.0113287,.010577172,.010577172,0.00985517360956211,.1782904,.079772219,.010577172,.027933951,NHS-R11,North America,Eastern Woodlands,horticulturalists,16,121,Iroquois,2066,matched (3)
Arousal,NHS-C003,-.69816124,-.91345149,-.4705466,0,0.752372461270611,0.599707633142633,0.874246839366101,-2.1144722,.89978248,.019198213,.019772246,-0.0024803864910257,-.000048140435,.035250515,.019772246,-.016122887,NHS-R27,Africa,Southern Africa,horticulturalists,4,126,Bemba,333,matched (3)
Formality,NHS-C003,-.54302156,-.73425585,-.34797102,0,0.590558705499979,0.473316100779984,0.695695160990054,-1.5968609,.80795985,.0149489,.015373284,0.0129036534235062,-.14708422,-.041331988,.015373284,.027933951,NHS-R27,Africa,Southern Africa,horticulturalists,4,126,Bemba,365,matched (3)
Religiosity,NHS-C003,.024113419,-.18601115,.24006423,.82533336,0.653329320289329,0.514270612333164,0.778583415880056,-1.3250198,1.2943599,-.00070870115,-.0016611686,-0.000363906425108156,-.073249221,-.0069760801,-.0016611686,.049090207,NHS-R27,Africa,Southern Africa,horticulturalists,4,126,Bemba,425,matched (3)
Formality,NHS-C004,.031648278,-.35448182,.41067767,.87,1.0746973502102,0.842870733311224,1.32091867035733,-1.5871403,2.9945626,-.0003166541,-.036036544,-0.00199608958976128,-.14708422,-.043436572,-.036036544,.027933951,NHS-R24,Asia,South Asia,horticulturalists,9,29,Garo,1439,matched (3)
Religiosity,NHS-C004,-.11357003,-.51261067,.27501976,.57233334,0.898677649697328,0.68536727897194,1.11881802294354,-1.8308231,1.7457621,.00073026953,-.040659733,0.00426840237653289,-.073249221,-.03139114,-.040659733,.049090207,NHS-R24,Asia,South Asia,horticulturalists,9,29,Garo,1428,matched (3)
Arousal,NHS-C004,.018443361,-.38108677,.41794735,.91708332,0.83525199170256,0.585777282136282,1.05559894011786,-1.7397892,1.6858286,-.00015475214,-.011777793,-0.00134771287358284,-.000048140435,-.019279832,-.011777793,-.016122887,NHS-R24,Asia,South Asia,horticulturalists,9,29,Garo,1419,matched (3)
Religiosity,NHS-C006,.21547237,-.14843738,.59366673,.25375,1.08917988868029,0.842122397224104,1.34940691942696,-1.8751054,2.3489597,-.0015478608,-.0028727737,0.0170133643483683,.08894185,-.0034824912,-.0028727737,.049090207,NHS-R13,Oceania,Melanesia,horticulturalists,12,33,Trobriands,4526,matched (3)
Arousal,NHS-C006,-.32662272,-.71573144,.044224374,.085833333,1.12284534861833,0.882681794243098,1.33894765353207,-2.5613544,1.6835443,.0022030317,.0032266176,-0.0146982394256744,-.00013332395,-.0042579742,.0032266176,-.016122887,NHS-R13,Oceania,Melanesia,horticulturalists,12,33,Trobriands,4513,matched (3)
Formality,NHS-C006,-.044528786,-.40122101,.32172769,.79925001,0.89616873413718,0.696399355527811,1.13307193817122,-1.8040931,1.788699,.0002713798,.0007393884,-0.0130947307997603,.1782904,-.0046439068,.0007393884,.027933951,NHS-R13,Oceania,Melanesia,horticulturalists,12,33,Trobriands,4521,matched (3)
Religiosity,NHS-C007,.086687937,-.13171984,.30231848,.42916667,0.852730268738546,0.703119634769316,1.00128065292939,-1.5725505,1.753702,-.0018010839,-.0018010839,0.0023921177572196,-.073249221,-.0071754903,-.0018010839,-.023719667,NHS-R23,Europe,Scandinavia,pastoralists,10,100,Saami,3272,matched (3)
Arousal,NHS-C007,.31569952,.10288113,.53686595,.0052499999,0.856362192898653,0.680215658884052,1.00476831974923,-1.3751332,2.0078213,-.0068565207,-.0068565207,-0.00884867804998105,-.000048140435,-.0087101869,-.0068565207,-.014507328,NHS-R23,Europe,Scandinavia,pastoralists,10,100,Saami,3265,matched (3)
Formality,NHS-C007,.090115994,-.13053298,.30280113,.41133332,0.804977410734562,0.642803406743679,0.932846495911221,-1.5049748,1.7079954,-.0021876816,-.0021876816,-0.00320099706929925,-.14708422,-.012850032,-.0021876816,-.0091182999,NHS-R23,Europe,Scandinavia,pastoralists,10,100,Saami,3300,matched (3)
Arousal,NHS-C008,.16895987,-.33743316,.6825971,.50691664,0.703367437180292,0.463598714432967,0.967143071718802,-1.2345115,1.6487392,-.00074735068,-.0025129258,-0.0146982394256744,-.000048140435,-.019279832,-.0025129258,.043820724,NHS-R25,Asia,Southeast Asia,intensive agriculturalists,8,19,Ifugao,1956,matched (3)
Religiosity,NHS-C008,.016948612,-.48544252,.52940327,.94833332,0.953361316378777,0.709846968494658,1.22971280097677,-1.7745649,1.8735394,-.000057496178,.014549724,0.0170133643483683,-.073249221,-.03139114,.014549724,-.030288978,NHS-R25,Asia,Southeast Asia,intensive agriculturalists,8,19,Ifugao,1950,matched (3)
Formality,NHS-C008,.028364021,-.45098576,.51599717,.91049999,0.789187297264003,0.548038648907209,1.05589300761579,-1.4520469,1.5678301,-.00018093878,-.00083266391,-0.0130947307997603,-.14708422,-.043436572,-.00083266391,-.09339536,NHS-R25,Asia,Southeast Asia,intensive agriculturalists,8,19,Ifugao,1967,matched (3)
Religiosity,NHS-C009,.70907605,.52474505,.89280188,0,1.23563878630899,1.04565499158254,1.39949418916438,-1.2443572,3.2955565,-.025211716,-.02654266,-0.0335699352595581,.08894185,-.0060005994,-.02654266,-.027653722,NHS-R01,South America,Amazon and Orinoco,other subsistence combinations,5,163,Saramaka,3685,matched (3)
Arousal,NHS-C009,.38977861,.20857243,.57879883,0,0.864491913659355,0.707709884804142,0.982108549687359,-1.4356201,1.9216644,-.013886267,-.010555285,-0.0194470664379014,-.00013332395,-.0075052967,-.010555285,-.01130215,NHS-R01,South America,Amazon and Orinoco,other subsistence combinations,5,163,Saramaka,3646,matched (3)
Formality,NHS-C009,-.11382046,-.27772808,.051698077,.17325,0.842832968192724,0.658941513023452,0.969118507284965,-1.7036023,1.5505868,.0040408811,.0069418047,-0.00620615873210538,.1782904,.028379375,.0069418047,.010164405,NHS-R01,South America,Amazon and Orinoco,other subsistence combinations,5,163,Saramaka,3651,matched (3)
Religiosity,NHS-C011,-.12993124,-.62607998,.37042972,.60974997,0.810033331692385,0.547248581356725,1.04078048723438,-1.5759121,1.5610739,.00053511292,.017359732,0.00470723191313529,-.073249221,-.0069760801,.017359732,-.030288978,NHS-R30,Africa,Western Africa,intensive agriculturalists,5,19,Kanuri,2092,matched (3)
Arousal,NHS-C011,-.59634191,-1.1129857,-.093803577,.018999999,1.02978569894914,0.735151334480578,1.36684887359532,-2.3971994,1.3818752,.0023025167,.0075712628,0.000553251482696773,-.000048140435,.035250515,.0075712628,.043820724,NHS-R30,Africa,Western Africa,intensive agriculturalists,5,19,Kanuri,2093,matched (3)
Formality,NHS-C011,.9157927,.43944767,1.4070877,.00016666666,1.36784099696227,1.10211628398147,1.65808990069028,-1.2818,3.1428816,-.0038688672,-.050248832,-0.00490241031970614,-.14708422,-.041331988,-.050248832,-.09339536,NHS-R30,Africa,Western Africa,intensive agriculturalists,5,19,Kanuri,2101,matched (3)
Arousal,NHS-C014,.45228395,.23299171,.67052352,.00016666666,0.843525813225551,0.672354355206527,0.983212388460428,-1.1976945,2.1199205,-.010499994,-.0091586094,-0.0146982394256744,-.00013332395,-.0042579742,-.0091586094,-.016122887,NHS-R22,Oceania,Polynesia,horticulturalists,13,106,Tikopia,4026,matched (3)
Religiosity,NHS-C014,-.079220302,-.30209509,.14283772,.49225,0.952680761262488,0.782851370227309,1.09498578005012,-1.9920845,1.6724789,.0017217611,-.00024099564,0.0170133643483683,.08894185,-.0034824912,-.00024099564,.049090207,NHS-R22,Oceania,Polynesia,horticulturalists,13,106,Tikopia,4082,matched (3)
Formality,NHS-C014,.27624634,.064933158,.48962229,.011083334,0.900642547414612,0.739626372402363,1.04743720473829,-1.3568321,2.2171781,-.0066500278,-.0057027312,-0.0130947307997603,.1782904,-.0046439068,-.0057027312,.027933951,NHS-R22,Oceania,Polynesia,horticulturalists,13,106,Tikopia,4057,matched (3)
Religiosity,NHS-C016,.13701499,-.20360091,.47274658,.43175,0.916370663046509,0.698095910093981,1.11220727021489,-1.6987075,1.8889811,-.0013954431,-.0024827309,0.00275734475541426,-.073249221,-.03139114,-.0024827309,-.023719667,NHS-R16,Asia,North Asia,pastoralists,7,46,Chukchee,908,matched (3)
Formality,NHS-C016,-.095132872,-.41178659,.21551707,.56058335,0.739092025108247,0.561167720768822,0.918082844485158,-1.6011752,1.3856503,.00081025448,-.002033236,-0.000122669456923708,-.14708422,-.043436572,-.002033236,-.0091182999,NHS-R16,Asia,North Asia,pastoralists,7,46,Chukchee,930,matched (3)
Arousal,NHS-C016,.179657,-.14104256,.51217353,.2755,0.809224027481877,0.60125259012486,1.0164692325493,-1.4299039,1.7573253,-.0019350939,-.0035052425,-0.00379138725526725,-.000048140435,-.019279832,-.0035052425,-.014507328,NHS-R16,Asia,North Asia,pastoralists,7,46,Chukchee,934,matched (3)
Formality,NHS-C017,.10289443,-.29466185,.49291825,.60041666,0.919066394112394,0.677235095773066,1.13241995986763,-1.4940104,2.3674638,-.00074386067,.00099848583,0.0129036534235062,-.14708422,-.041331988,.00099848583,-.09339536,NHS-R09,Africa,Eastern Africa,intensive agriculturalists,12,30,Ganda,1383,matched (3)
Religiosity,NHS-C017,.064842515,-.33675596,.48283607,.75833333,0.837949733981075,0.624676290370425,1.10686554553312,-1.5693326,1.7144244,-.0004208411,-.011678716,-0.000363906425108156,-.073249221,-.0069760801,-.011678716,-.030288978,NHS-R09,Africa,Eastern Africa,intensive agriculturalists,12,30,Ganda,1388,matched (3)
Arousal,NHS-C017,-.015976004,-.42012134,.38653177,.93258333,0.852016544708409,0.625523249418883,1.07460704539761,-1.7546362,1.6550338,-7.1681743e-06,-.0044617667,-0.0024803864910257,-.000048140435,.035250515,-.0044617667,.043820724,NHS-R09,Africa,Eastern Africa,intensive agriculturalists,12,30,Ganda,1384,matched (3)
Arousal,NHS-C022,.30699214,.087364018,.5294764,.0060000001,0.608384360006393,0.481725042191352,0.755458081856316,-.97009283,1.4781486,-.0060128444,-.0030393717,-0.00798072048274238,-.00013332395,-.0075052967,-.0030393717,-.019146791,NHS-R28,South America,Southern South America,hunter-gatherers,4,89,Ona,2867,matched (3)
Religiosity,NHS-C022,-.41132981,-.63591033,-.186718,.00025000001,0.714736489347846,0.561853004755414,0.837148351310582,-1.8068594,1.0174928,.0079507483,.010830055,0.012358313154265,.08894185,-.0060005994,.010830055,.05250952,NHS-R28,South America,Southern South America,hunter-gatherers,4,89,Ona,2889,matched (3)
Formality,NHS-C022,-.17408109,-.38868389,.036095239,.10483333,0.578054472570873,0.471069497714598,0.690089238292037,-1.2796577,1.0167139,.0032777968,.0064747641,0.00239281539453003,.1782904,.028379375,.0064747641,.040266037,NHS-R28,South America,Southern South America,hunter-gatherers,4,89,Ona,2870,matched (3)
Formality,NHS-C023,.71077627,.43519321,.98448968,0,1.17483359176495,0.89122979914942,1.35456170763553,-1.2414259,3.1011682,-.0099796224,-.0099796224,-0.00620615873210538,-.14708422,-.012850032,-.0099796224,-.09339536,NHS-R26,Europe,Southeastern Europe,intensive agriculturalists,13,65,Serbs,3790,matched (3)
Religiosity,NHS-C023,.30290908,.029891286,.59057206,.028083334,0.855561275022257,0.687131692208322,1.02321572871952,-1.3561435,1.9995867,-.0042116162,-.0042116162,-0.0335699352595581,-.073249221,-.0071754903,-.0042116162,-.030288978,NHS-R26,Europe,Southeastern Europe,intensive agriculturalists,13,65,Serbs,3832,matched (3)
Arousal,NHS-C023,-.088405482,-.37518212,.1870054,.54216665,0.995480565815047,0.796606317828332,1.16376261840991,-2.2143691,1.6949011,.0011983826,.0011983826,-0.0194470664379014,-.000048140435,-.0087101869,.0011983826,.043820724,NHS-R26,Europe,Southeastern Europe,intensive agriculturalists,13,65,Serbs,3844,matched (3)
Arousal,NHS-C024,.076058671,-.12737222,.27829412,.45875001,0.817306858885867,0.658952354266692,0.941241700983401,-1.6338836,1.6318241,-.0019388831,-.0025129258,-0.0146982394256744,-.000048140435,-.019279832,-.0025129258,-.016122887,NHS-R25,Asia,Southeast Asia,horticulturalists,5,114,Eastern Toraja,1348,matched (3)
Religiosity,NHS-C024,-.33333811,-.5371533,-.13939734,.00050000002,0.874998631863289,0.710307669121107,1.02599923661024,-2.0550029,1.327081,.0082511697,.014549724,0.0170133643483683,-.073249221,-.03139114,.014549724,.049090207,NHS-R25,Asia,Southeast Asia,horticulturalists,5,114,Eastern Toraja,1313,matched (3)
Formality,NHS-C024,.14730753,-.041873831,.34436858,.12774999,1.00125713097464,0.82793908313948,1.1439402020954,-1.5134146,2.4859321,-.0037289474,-.00083266391,-0.0130947307997603,-.14708422,-.043436572,-.00083266391,.027933951,NHS-R25,Asia,Southeast Asia,horticulturalists,5,114,Eastern Toraja,1342,matched (3)
Formality,NHS-C027,-.14241008,-.59495121,.31843516,.53583336,0.697427954566857,0.473488734058059,0.929102929256225,-1.4673271,1.3302549,.00055002543,-.036036544,NA,-.14708422,-.043436572,-.036036544,.040266037,NHS-R24,Asia,South Asia,hunter-gatherers,6,20,Andamans,115,matched (3)
Religiosity,NHS-C027,.11446502,-.36060962,.60018766,.63883334,0.742613094825899,0.50333510292164,1.01679626008331,-1.3001617,1.6892841,-.00046528233,-.040659733,NA,-.073249221,-.03139114,-.040659733,.05250952,NHS-R24,Asia,South Asia,hunter-gatherers,6,20,Andamans,132,matched (3)
Arousal,NHS-C027,-.25454006,-.72669059,.21877851,.28891668,0.829561450529714,0.565323994745628,1.11270676658083,-1.8722221,1.4723855,.0010052393,-.011777793,NA,-.000048140435,-.019279832,-.011777793,-.019146791,NHS-R24,Asia,South Asia,hunter-gatherers,6,20,Andamans,125,matched (3)
Arousal,NHS-C029,-.23636219,-.67387736,.19524731,.2825,1.14796562219718,0.82768768591764,1.43361139869605,-2.698132,1.7118552,.001220406,-.00046487668,-0.0194470664379014,-.00013332395,-.0075052967,-.00046487668,.043820724,NHS-R10,South America,Eastern South America,intensive agriculturalists,5,26,Bahia Brazilians,302,matched (3)
Religiosity,NHS-C029,.66848737,.25635314,1.1055073,.0014166667,1.15989399362409,0.885419790832299,1.41702285529272,-1.7967269,2.8433602,-.0036395246,.0069476925,-0.0335699352595581,.08894185,-.0060005994,.0069476925,-.030288978,NHS-R10,South America,Eastern South America,intensive agriculturalists,5,26,Bahia Brazilians,300,matched (3)
Formality,NHS-C029,-.43318206,-.83634561,-.026843086,.037333332,0.788008875939267,0.562735006640811,1.00734971695432,-2.1265011,1.0219122,.0023135187,.0086184572,-0.00620615873210538,.1782904,.028379375,.0086184572,-.09339536,NHS-R10,South America,Eastern South America,intensive agriculturalists,5,26,Bahia Brazilians,285,matched (3)
Arousal,NHS-C032,-.15722014,-.64032984,.32841012,.5201667,0.881489968097498,0.599198747785826,1.16030570695405,-1.7761742,1.5841825,.00062073278,.0034125361,-0.0024803864910257,-.000048140435,.035250515,.0034125361,-.016122887,NHS-R05,Africa,Central Africa,horticulturalists,10,20,Azande,266,matched (3)
Formality,NHS-C032,-.30715114,-.77325422,.14505696,.18666667,0.774886032393018,0.559143582881447,1.00969925269198,-1.7280071,1.2977698,.0011552189,.0036348063,0.0129036534235062,-.14708422,-.041331988,.0036348063,.027933951,NHS-R05,Africa,Central Africa,horticulturalists,10,20,Azande,264,matched (3)
Religiosity,NHS-C032,-.019077918,-.50832307,.4575054,.94266665,0.933859818046473,0.697938618549516,1.18455313562931,-1.9942276,1.7846237,.000056739587,-.0013461615,-0.000363906425108156,-.073249221,-.0069760801,-.0013461615,.049090207,NHS-R05,Africa,Central Africa,horticulturalists,10,20,Azande,278,matched (3)
Religiosity,NHS-C033,-.27612141,-.63995397,.082841955,.13291667,0.856969511166059,0.650957733395956,1.09555228117274,-1.9183458,1.3907634,.0020181418,.0069476925,0.00623861735060236,.08894185,-.0060005994,.0069476925,-.027653722,NHS-R10,South America,Eastern South America,other subsistence combinations,5,35,Guarani,1471,matched (3)
Formality,NHS-C033,-.16231851,-.50973684,.17420314,.34799999,0.822973232469517,0.58321456709941,1.01425416337853,-1.7201935,1.4467586,.0011235786,.0086184572,0.000200030522990241,.1782904,.028379375,.0086184572,.010164405,NHS-R10,South America,Eastern South America,other subsistence combinations,5,35,Guarani,1450,matched (3)
Arousal,NHS-C033,.012697334,-.35067752,.37372971,.94599998,0.883497543217731,0.674572071158428,1.10584333287315,-1.9460076,1.6307405,-.00024637571,-.00046487668,-0.00205977062603256,-.00013332395,-.0075052967,-.00046487668,-.01130215,NHS-R10,South America,Eastern South America,other subsistence combinations,5,35,Guarani,1470,matched (3)
Formality,NHS-C036,-.23724407,-.35677716,-.11893826,0,0.74174948609064,0.618116580951224,0.823582639065207,-1.5542786,1.4548719,.016950026,.035800889,0.012655822883291,.1782904,.079772219,.035800889,.040266037,NHS-R21,North America,Plains and Plateau,hunter-gatherers,19,315,Blackfoot,604,matched (3)
Religiosity,NHS-C036,-.28335717,-.40746415,-.155573,0,0.777878488509926,0.630755289370566,0.884906046676261,-1.7740461,1.2839335,.020214597,.017281493,0.0293689014630904,.08894185,.049105357,.017281493,.05250952,NHS-R21,North America,Plains and Plateau,hunter-gatherers,19,315,Blackfoot,555,matched (3)
Arousal,NHS-C036,-.049761709,-.17590851,.072445944,.43158334,0.839295633096202,0.693355775475867,0.936177463674513,-1.8565451,1.4494652,.0037143549,.014580007,-0.00809015276324712,-.00013332395,.030794572,.014580007,-.019146791,NHS-R21,North America,Plains and Plateau,hunter-gatherers,19,315,Blackfoot,626,matched (3)
Arousal,NHS-C037,.35253611,-.080789328,.78270346,.11008333,0.883145460451588,0.595174885110827,1.13079630720099,-1.516705,1.9985728,-.0021410906,-.0021410906,-0.0194470664379014,-.000048140435,-.0021410906,-.0021410906,-.014507328,NHS-R15,Middle East,Middle East,pastoralists,2,27,Kurds,2462,matched (3)
Formality,NHS-C037,.14999922,-.270509,.57677042,.48091668,0.802094378479814,0.572863986514943,1.01416118615684,-1.3197932,2.0045111,-.00091245712,-.00091245712,-0.00620615873210538,-.14708422,-.00091245712,-.00091245712,-.0091182999,NHS-R15,Middle East,Middle East,pastoralists,2,27,Kurds,2475,matched (3)
Religiosity,NHS-C037,.26283073,-.16369091,.70497411,.23383333,0.80140309813333,0.55146651056612,1.05925217366245,-1.3496486,1.8495686,-.0014811895,-.0014811895,-0.0335699352595581,-.073249221,-.0014811895,-.0014811895,-.023719667,NHS-R15,Middle East,Middle East,pastoralists,2,27,Kurds,2479,matched (3)
Formality,NHS-C042,.16006745,-.035277441,.3580645,.10833333,0.784450237611788,0.612622788770765,0.904379092497997,-1.371747,1.704258,-.0038533064,-.0053768964,0.012655822883291,.1782904,.079772219,-.0053768964,.040266037,NHS-R02,North America,Arctic and Subarctic,hunter-gatherers,13,106,Ojibwa,2741,matched (3)
Religiosity,NHS-C042,-.13863702,-.34787798,.070025451,.18908334,0.884742442993903,0.720216334940262,1.02580495040811,-1.8978155,1.5186999,.0032649783,-.000078809797,0.0293689014630904,.08894185,.049105357,-.000078809797,.05250952,NHS-R02,North America,Arctic and Subarctic,hunter-gatherers,13,106,Ojibwa,2732,matched (3)
Arousal,NHS-C042,.39954352,.18636066,.61994153,.000083333332,0.851901095226396,0.692599115866563,1.0042418208276,-1.3841856,1.9795707,-.0091932137,-.012984539,-0.00809015276324712,-.00013332395,.030794572,-.012984539,-.019146791,NHS-R02,North America,Arctic and Subarctic,hunter-gatherers,13,106,Ojibwa,2816,matched (3)
Arousal,NHS-C048,.17611857,-.11530641,.46760789,.23708333,0.926232391177345,0.712974456598261,1.14918528881207,-1.6941268,1.9568728,-.0024988658,.0075712628,-0.0024803864910257,-.000048140435,.035250515,.0075712628,-.016122887,NHS-R30,Africa,Western Africa,horticulturalists,15,63,Wolof,4628,matched (3)
Religiosity,NHS-C048,.28923211,.016629322,.57037705,.037916668,0.866565714682573,0.697381969773666,1.08925873856479,-1.3237402,2.0818925,-.0039288313,.017359732,-0.000363906425108156,-.073249221,-.0069760801,.017359732,.049090207,NHS-R30,Africa,Western Africa,horticulturalists,15,63,Wolof,4629,matched (3)
Formality,NHS-C048,-.14511363,-.4235867,.12918942,.30516666,0.806596819963929,0.613378107343036,0.974461726884968,-1.5954926,1.7547481,.0017899415,-.050248832,0.0129036534235062,-.14708422,-.041331988,-.050248832,.027933951,NHS-R30,Africa,Western Africa,horticulturalists,15,63,Wolof,4601,matched (3)
Religiosity,NHS-C050,.090108149,-1.3893927,1.5972039,.91425002,0.519218610666749,0.013233457304171,1.43647419684333,-1.0954489,1.2637308,-.00002526652,-.040659733,-0.0335699352595581,-.073249221,-.03139114,-.040659733,-.030288978,NHS-R24,Asia,South Asia,intensive agriculturalists,1,2,Sinhalese,3856,matched (3)
Arousal,NHS-C050,.35656351,-1.1881361,1.8593366,.63891667,0.490109280656153,0.0223778910175145,1.32695299497182,-.89245749,1.6726725,-.00025291726,-.011777793,-0.0194470664379014,-.000048140435,-.019279832,-.011777793,.043820724,NHS-R24,Asia,South Asia,intensive agriculturalists,1,2,Sinhalese,3855,matched (3)
Formality,NHS-C050,.21881649,-1.2647269,1.6903043,.76758331,0.489646579718332,0.0366783383332703,1.30415487728262,-1.0227563,1.3804989,-.00021367603,-.036036544,-0.00620615873210538,-.14708422,-.043436572,-.036036544,-.09339536,NHS-R24,Asia,South Asia,intensive agriculturalists,1,2,Sinhalese,3855,matched (3)
Formality,NHS-C052,-.25486335,-.74062788,.2205438,.29708335,0.73555661662592,0.511431112614444,0.931070309278331,-1.5893353,1.2858375,.00083324203,-.0057027312,-0.0130947307997603,.1782904,-.0046439068,-.0057027312,.010164405,NHS-R22,Oceania,Polynesia,other subsistence combinations,4,17,Lau Fijians,2490,matched (3)
Religiosity,NHS-C052,.52123868,.024083026,1.0328832,.03875,0.868902844442625,0.608336034923917,1.16952688749856,-1.329932,2.0485387,-.001914031,-.00024099564,0.0170133643483683,.08894185,-.0034824912,-.00024099564,-.027653722,NHS-R22,Oceania,Polynesia,other subsistence combinations,4,17,Lau Fijians,2491,matched (3)
Arousal,NHS-C052,-.36689636,-.88435173,.14221694,.154,0.873519367463777,0.628718042177652,1.1090796590775,-2.0488312,1.3084223,.0012621927,-.0091586094,-0.0146982394256744,-.00013332395,-.0042579742,-.0091586094,-.01130215,NHS-R22,Oceania,Polynesia,other subsistence combinations,4,17,Lau Fijians,2492,matched (3)
Formality,NHS-C056,-.02616558,-.24324971,.18317832,.81608331,0.78735520939613,0.636408400247485,0.929473229647383,-1.6076518,1.5203571,.00059957587,.00099848583,-0.000631013939777257,-.14708422,-.041331988,.00099848583,-.0091182999,NHS-R09,Africa,Eastern Africa,pastoralists,16,101,Somali,3936,matched (3)
Arousal,NHS-C056,.25489017,.037068214,.48020098,.023416666,0.823382490267005,0.65309642514346,0.973825820748615,-1.4631958,1.8220544,-.0055901399,-.0044617667,-0.00234452647031785,-.000048140435,.035250515,-.0044617667,-.014507328,NHS-R09,Africa,Eastern Africa,pastoralists,16,101,Somali,3907,matched (3)
Religiosity,NHS-C056,.5162459,.29933801,.73878837,0,0.937204827058361,0.758705899654717,1.08975587977119,-1.1522243,2.4980404,-.011267515,-.011678716,-0.00889717430730777,-.073249221,-.0069760801,-.011678716,-.023719667,NHS-R09,Africa,Eastern Africa,pastoralists,16,101,Somali,3921,matched (3)
Arousal,NHS-C058,.15891816,-.074847788,.39938682,.18708333,0.87546991965396,0.694637006213549,1.0259142805574,-1.5780996,1.8555408,-.0029818197,.014580007,NA,-.00013332395,.030794572,.014580007,-.019146791,NHS-R21,North America,Plains and Plateau,hunter-gatherers,5,84,Klamath,2174,matched (3)
Religiosity,NHS-C058,-.24787603,-.48891971,-.0066581466,.045083333,0.950963235346144,0.775352775429965,1.09812711459711,-2.1524911,1.5097088,.0046181777,.017281493,NA,.08894185,.049105357,.017281493,.05250952,NHS-R21,North America,Plains and Plateau,hunter-gatherers,5,84,Klamath,2185,matched (3)
Formality,NHS-C058,.088249557,-.14690059,.33106184,.47150001,0.908813265105608,0.717846717627147,1.09191253227227,-1.5842538,2.132751,-.0017323459,.035800889,NA,.1782904,.079772219,.035800889,.040266037,NHS-R21,North America,Plains and Plateau,hunter-gatherers,5,84,Klamath,2159,matched (3)
Formality,NHS-C059,.48128048,.25242928,.72229207,0,0.944265121443291,0.752027508240421,1.09546470251659,-.98297888,2.6868932,-.0082127377,-.0080524134,-0.000631013939777257,-.14708422,-.041331988,-.0080524134,-.0091182999,NHS-R17,Africa,Northern Africa,pastoralists,6,77,Libyan Bedouin,2573,matched (3)
Arousal,NHS-C059,-.086081021,-.32290322,.15659806,.48233333,0.816979510194888,0.645304241523232,0.980742696781384,-1.7157724,1.5872457,.0014564792,.0014367399,-0.00234452647031785,-.000048140435,.035250515,.0014367399,-.014507328,NHS-R17,Africa,Northern Africa,pastoralists,6,77,Libyan Bedouin,2581,matched (3)
Religiosity,NHS-C059,.34987512,.090285279,.60283089,.0077499999,0.772725761077144,0.59342831057927,0.918138641550493,-1.2011161,1.8248432,-.0057803318,-.0060004909,-0.00889717430730777,-.073249221,-.0069760801,-.0060004909,-.023719667,NHS-R17,Africa,Northern Africa,pastoralists,6,77,Libyan Bedouin,2547,matched (3)
Religiosity,NHS-C064,-.085755125,-.4973706,.32098913,.67541665,0.807753962850789,0.599024478574343,1.01708464663079,-1.5203148,1.6452892,.00055182929,.00055182929,0.0170133643483683,.08894185,-.0034824912,.00055182929,-.027653722,NHS-R14,Oceania,Micronesia,other subsistence combinations,3,28,Chuuk,947,matched (3)
Arousal,NHS-C064,-.069197416,-.48111099,.33529049,.74183333,1.02737394929445,0.775755912700906,1.2572271716422,-2.0253756,1.7288877,.00028857772,.00028857772,-0.0146982394256744,-.00013332395,-.0042579742,.00028857772,-.01130215,NHS-R14,Oceania,Micronesia,other subsistence combinations,3,28,Chuuk,951,matched (3)
Formality,NHS-C064,.6374557,.24387375,1.0361512,.0011666666,1.08621779810207,0.848807171251969,1.33000883927031,-1.1303877,2.8297813,-.0039176946,-.0039176946,-0.0130947307997603,.1782904,-.0046439068,-.0039176946,.010164405,NHS-R14,Oceania,Micronesia,other subsistence combinations,3,28,Chuuk,963,matched (3)
Formality,NHS-C066,-.40996248,-.63917762,-.19144753,.00025000001,0.922809211834297,0.752384999065344,1.06272337793448,-1.8833879,2.1545343,.007450934,-.050248832,-0.000631013939777257,-.14708422,-.041331988,-.050248832,.010164405,NHS-R30,Africa,Western Africa,other subsistence combinations,10,85,Hausa,1534,matched (3)
Arousal,NHS-C066,-.20071076,-.45426816,.048418865,.117,0.851708720399116,0.694441555325165,0.977367446150961,-1.9350513,1.4466826,.0035447339,.0075712628,-0.00234452647031785,-.000048140435,.035250515,.0075712628,-.01130215,NHS-R30,Africa,Western Africa,other subsistence combinations,10,85,Hausa,1508,matched (3)
Religiosity,NHS-C066,-.22668274,-.46738419,.013560073,.06491667,1.01901800001238,0.81913493849606,1.18609664634461,-2.0952487,1.8989964,.0041291234,.017359732,-0.00889717430730777,-.073249221,-.0069760801,.017359732,-.027653722,NHS-R30,Africa,Western Africa,other subsistence combinations,10,85,Hausa,1546,matched (3)
Religiosity,NHS-C067,-.18188186,-.31397742,-.054618403,.0043333331,0.756836918355413,0.612872444817918,0.855250279323465,-1.6355973,1.3392713,.011565246,.011565246,0.0169982127867529,.08894185,.049105357,.011565246,-.030288978,NHS-R29,North America,Southwest and Basin,intensive agriculturalists,26,288,Hopi,1847,matched (3)
Formality,NHS-C067,-.21041037,-.3376888,-.086294562,.001,0.732002523604609,0.594098473661272,0.81277618373886,-1.5084856,1.4560351,.013619778,.013619778,0.0136226559328659,.1782904,.079772219,.013619778,-.09339536,NHS-R29,North America,Southwest and Basin,intensive agriculturalists,26,288,Hopi,1680,matched (3)
Arousal,NHS-C067,-.21194577,-.3420268,-.087233573,.00075000001,0.869535709963229,0.70972865794048,0.987607867085241,-2.0872221,1.3519326,.013729872,.013729872,0.0131581363867767,-.00013332395,.030794572,.013729872,.043820724,NHS-R29,North America,Southwest and Basin,intensive agriculturalists,26,288,Hopi,1885,matched (3)
Formality,NHS-C068,-.17894667,-.83312505,.46825394,.58233333,0.803332847213948,0.459969229589324,1.23745334351995,-1.8935477,1.3829657,.00026140112,.015373284,0.0129036534235062,-.14708422,-.041331988,.015373284,.010164405,NHS-R27,Africa,Southern Africa,other subsistence combinations,5,11,Lozi,2584,matched (3)
Religiosity,NHS-C068,.41138253,-.22456434,1.0551533,.20191666,0.812477736997388,0.483660426935562,1.16090558220316,-1.0304255,2.2344158,-.00091465452,-.0016611686,-0.000363906425108156,-.073249221,-.0069760801,-.0016611686,-.027653722,NHS-R27,Africa,Southern Africa,other subsistence combinations,5,11,Lozi,2591,matched (3)
Arousal,NHS-C068,-.21336097,-.90165418,.45366746,.53525001,0.725132430336987,0.41449412469702,1.06236790547968,-1.6696634,1.2596061,.00042686745,.019772246,-0.0024803864910257,-.000048140435,.035250515,.019772246,-.01130215,NHS-R27,Africa,Southern Africa,other subsistence combinations,5,11,Lozi,2588,matched (3)
Formality,NHS-C070,-.26592484,-.39201066,-.14434829,.000083333332,0.8112076797477,0.658067050633711,0.903710036252721,-1.6825112,1.71854,.017287783,.035800889,0.016699518344138,.1782904,.079772219,.035800889,.020735098,NHS-R21,North America,Plains and Plateau,primarily hunter-gatherers,10,288,Pawnee,3006,matched (3)
Religiosity,NHS-C070,.14306924,.014307788,.26995715,.030166667,0.934005308610276,0.766151307953399,1.04753645949955,-1.6605579,1.9138793,-.0091780536,.017281493,-0.00497996005165459,.08894185,.049105357,.017281493,-.0062969849,NHS-R21,North America,Plains and Plateau,primarily hunter-gatherers,10,288,Pawnee,2959,matched (3)
Arousal,NHS-C070,-.19190462,-.32834187,-.052484531,.0069166669,0.934621340732956,0.77726497190327,1.04022410338832,-2.0686548,1.5398126,.012507367,.014580007,0.0108949452616448,-.00013332395,.030794572,.014580007,.015754972,NHS-R21,North America,Plains and Plateau,primarily hunter-gatherers,10,288,Pawnee,3083,matched (3)
Religiosity,NHS-C073,.27335477,.11457779,.42951161,.00033333333,0.81312939306342,0.669204143108189,0.926020254915764,-1.3091595,1.9008105,-.012657375,.017359732,-0.000363906425108156,-.073249221,-.0069760801,.017359732,.049090207,NHS-R30,Africa,Western Africa,horticulturalists,11,211,Tiv,4200,matched (3)
Arousal,NHS-C073,.34796801,.19417696,.50425225,0,0.846766865011083,0.698205097037547,0.960988187970781,-1.3931597,1.9182267,-.016234968,.0075712628,-0.0024803864910257,-.000048140435,.035250515,.0075712628,-.016122887,NHS-R30,Africa,Western Africa,horticulturalists,11,211,Tiv,4142,matched (3)
Formality,NHS-C073,.21333061,.067890614,.36373779,.0041666669,0.797764545230028,0.654873398013429,0.898440270491715,-1.3123847,1.8396013,-.010572921,-.050248832,0.0129036534235062,-.14708422,-.041331988,-.050248832,.027933951,NHS-R30,Africa,Western Africa,horticulturalists,11,211,Tiv,4179,matched (3)
Arousal,NHS-C074,-.37160668,-.70292997,-.052602205,.021916667,0.917801017379743,0.717023734933776,1.1216683426827,-2.2492003,1.3208534,.0035351512,.0035351512,-0.0106730966094334,-.00013332395,-.0075052967,.0035351512,-.016122887,NHS-R20,South America,Northwestern South America,horticulturalists,7,46,Kogi,2233,matched (3)
Formality,NHS-C074,-.41591266,-.74135178,-.10089616,.0098333331,0.732914592879747,0.56389489294399,0.90553607286703,-1.8896389,1.0111005,.0039664069,.0039664069,0.00817330030585167,.1782904,.028379375,.0039664069,.027933951,NHS-R20,South America,Northwestern South America,horticulturalists,7,46,Kogi,2218,matched (3)
Religiosity,NHS-C074,-.26045093,-.56896049,.05007254,.1005,0.872460046309371,0.70725151480479,1.04329935760993,-1.9817839,1.4215376,.0025897122,.0025897122,0.0227938162175179,.08894185,-.0060005994,.0025897122,.049090207,NHS-R20,South America,Northwestern South America,horticulturalists,7,46,Kogi,2251,matched (3)
Arousal,NHS-C075,.14813443,-.37892827,.68472314,.58191669,0.900656695675241,0.620651234274858,1.23985796448605,-1.7970191,1.7720147,-.00049822131,.00010363315,-0.00230981569284001,-.000048140435,-.019279832,.00010363315,.043820724,NHS-R08,Asia,East Asia,intensive agriculturalists,8,16,Korea,2266,matched (3)
Formality,NHS-C075,.079827353,-.44171053,.58612341,.75441664,0.881384320198076,0.631480853619822,1.16045139849467,-1.3452473,2.4746757,-.00041181472,-.0011173727,-0.00136633543833228,-.14708422,-.043436572,-.0011173727,-.09339536,NHS-R08,Asia,East Asia,intensive agriculturalists,8,16,Korea,2267,matched (3)
Religiosity,NHS-C075,-.06491401,-.62817442,.49116591,.81583333,0.804253950627018,0.531486065457641,1.13627734848179,-1.6689752,1.5405426,.00023729389,-.00039807882,0.00439993599440672,-.073249221,-.03139114,-.00039807882,-.030288978,NHS-R08,Asia,East Asia,intensive agriculturalists,8,16,Korea,2272,matched (3)
Religiosity,NHS-C077,.026856167,-.18687235,.24082997,.80733335,0.816899140003478,0.637934535087517,0.97301274458067,-1.5087,1.7590902,-.00070699526,-.00070699526,0.00352461431204575,.08894185,-.0034824912,-.00070699526,.05250952,NHS-R03,Oceania,Australia,hunter-gatherers,13,114,Aranda,200,matched (3)
Formality,NHS-C077,-.16733621,-.36710951,.034517743,.10058333,0.792663843349869,0.635008488735758,0.914401575718856,-1.536198,1.7096473,.0041298014,.0041298014,0.00325962400490912,.1782904,-.0046439068,.0041298014,.040266037,NHS-R03,Oceania,Australia,hunter-gatherers,13,114,Aranda,204,matched (3)
Arousal,NHS-C077,-.047421187,-.25312504,.16335794,.65283334,0.860722679887611,0.699824514430872,1.01017276058216,-1.7537122,1.6957297,.0012306046,.0012306046,-0.000580486209300445,-.00013332395,-.0042579742,.0012306046,-.019146791,NHS-R03,Oceania,Australia,hunter-gatherers,13,114,Aranda,206,matched (3)
Religiosity,NHS-C078,.1184536,-.22899564,.47360408,.52116668,1.02368239241591,0.790575499889738,1.24994966197848,-2.0173073,1.939001,-.00093623198,-.00093623198,-0.0335699352595581,-.073249221,-.0071754903,-.00093623198,-.027653722,NHS-R04,Europe,British Isles,other subsistence combinations,9,38,Highland Scots,1565,matched (3)
Arousal,NHS-C078,.34686348,-.012162156,.70642358,.059583332,0.805009756194174,0.612794225250859,0.991819450096511,-1.3112435,1.9226824,-.0030030925,-.0030030925,-0.0194470664379014,-.000048140435,-.0087101869,-.0030030925,-.01130215,NHS-R04,Europe,British Isles,other subsistence combinations,9,38,Highland Scots,1583,matched (3)
Formality,NHS-C078,.053020168,-.29624033,.39671779,.7610833,0.833101798270315,0.643694842307796,1.02637037738428,-1.5352074,1.842905,-.00055007881,-.00055007881,-0.00620615873210538,-.14708422,-.012850032,-.00055007881,.010164405,NHS-R04,Europe,British Isles,other subsistence combinations,9,38,Highland Scots,1561,matched (3)
Religiosity,NHS-C079,.10559881,-.34520897,.55836713,.64908332,0.866452826850063,0.624347508196805,1.10211090911044,-1.4721446,1.9906712,-.00046602343,-.011678716,0.00368520249859891,-.073249221,-.0069760801,-.011678716,-.023719667,NHS-R09,Africa,Eastern Africa,pastoralists,4,21,Maasai,2596,matched (3)
Arousal,NHS-C079,-.22967063,-.6900211,.23017776,.32300001,0.802750726870254,0.560605244634146,1.04690409037385,-1.9749606,1.2511626,.0010036069,-.0044617667,-0.00077589050983816,-.000048140435,.035250515,-.0044617667,-.014507328,NHS-R09,Africa,Eastern Africa,pastoralists,4,21,Maasai,2609,matched (3)
Formality,NHS-C079,-.19419441,-.63516188,.24209383,.38658333,0.757188983401659,0.548628275647366,0.973216400805328,-1.5337816,1.5977215,.00076162844,.00099848583,-0.000167310804265497,-.14708422,-.041331988,.00099848583,-.0091182999,NHS-R09,Africa,Eastern Africa,pastoralists,4,21,Maasai,2600,matched (3)
Formality,NHS-C080,-.11951064,-.25958553,.019966561,.098083332,0.73889957958985,0.621438354611581,0.837976266968671,-1.4809809,1.5212466,.0056255478,.0056255478,0.00477233944452473,.1782904,.079772219,.0056255478,.040266037,NHS-R19,North America,Northwest Coast and California,hunter-gatherers,17,207,Tlingit,4406,matched (3)
Arousal,NHS-C080,.0026673849,-.14750893,.15063597,.96516669,0.882513965098733,0.720114158631614,0.999556048436781,-1.7687246,1.6893772,-.00044327587,-.00044327587,-0.00233224640274635,-.00013332395,.030794572,-.00044327587,-.019146791,NHS-R19,North America,Northwest Coast and California,hunter-gatherers,17,207,Tlingit,4382,matched (3)
Religiosity,NHS-C080,-.052069541,-.20666337,.095861793,.50183332,0.971763690024426,0.812353498979179,1.09994806010736,-1.9691381,1.9044013,.0024088584,.0024088584,0.00680363029761825,.08894185,.049105357,.0024088584,.05250952,NHS-R19,North America,Northwest Coast and California,hunter-gatherers,17,207,Tlingit,4460,matched (3)
Arousal,NHS-C081,.20648083,-.052119058,.47336,.12,0.776968487812367,0.622596636530426,0.927389732156336,-1.3005466,1.7909069,-.0028252942,-.0025129258,-0.0146982394256744,-.000048140435,-.019279832,-.0025129258,-.016122887,NHS-R25,Asia,Southeast Asia,horticulturalists,12,62,Iban,1931,matched (3)
Religiosity,NHS-C081,-.33890799,-.61677057,-.075937897,.010833333,0.704391884542617,0.561723549546923,0.844507022297445,-1.6814508,1.092662,.0045589427,.014549724,0.0170133643483683,-.073249221,-.03139114,.014549724,.049090207,NHS-R25,Asia,Southeast Asia,horticulturalists,12,62,Iban,1906,matched (3)
Formality,NHS-C081,-.13160433,-.38433674,.11934209,.29925001,0.762138683322247,0.594890821220573,0.890662186060307,-1.3901424,1.7563124,.0016065898,-.00083266391,-0.0130947307997603,-.14708422,-.043436572,-.00083266391,.027933951,NHS-R25,Asia,Southeast Asia,horticulturalists,12,62,Iban,1943,matched (3)
Formality,NHS-C082,-.11496395,-.27029571,.03775375,.1435,0.753363847485595,0.59973914681156,0.853032272403516,-1.5165782,1.5590854,.0046524904,.0046524904,0.00817330030585167,.1782904,.005426161,.0046524904,.027933951,NHS-R06,Middle America and the Caribbean,Central America,horticulturalists,18,184,Kuna,2414,matched (3)
Arousal,NHS-C082,.29482073,.12197265,.47225609,.001,0.792622497857534,0.648779307956286,0.897792286421547,-1.3521901,1.7964083,-.012226629,-.012226629,-0.0106730966094334,-.00013332395,-.011213584,-.012226629,-.016122887,NHS-R06,Middle America and the Caribbean,Central America,horticulturalists,18,184,Kuna,2404,matched (3)
Religiosity,NHS-C082,-.37653169,-.54467148,-.20965794,0,0.900759080025516,0.72046964815116,1.028476019705,-2.0105252,1.5129908,.01516448,.01516448,0.0227938162175179,.08894185,.015969409,.01516448,.049090207,NHS-R06,Middle America and the Caribbean,Central America,horticulturalists,18,184,Kuna,2372,matched (3)
Arousal,NHS-C083,.16863088,.026901394,.30687365,.019166667,0.821107106890803,0.675833266377778,0.926072985198486,-1.4975791,1.7342286,-.01199032,-.011777793,-0.0147909341218459,-.000048140435,-.019279832,-.011777793,.043820724,NHS-R24,Asia,South Asia,intensive agriculturalists,7,310,Santal,3565,matched (3)
Formality,NHS-C083,.50122303,.36060432,.63696575,0,1.13523466461534,0.9341171167457,1.26960750498022,-1.5527637,2.6121919,-.035771456,-.036036544,-0.0378997780095258,-.14708422,-.043436572,-.036036544,-.09339536,NHS-R24,Asia,South Asia,intensive agriculturalists,7,310,Santal,3377,matched (3)
Religiosity,NHS-C083,.57651275,.41898364,.72044921,0,0.872565016824429,0.714405047724444,0.980578283957895,-1.3171663,2.1367297,-.040331896,-.040659733,-0.0369353594423359,-.073249221,-.03139114,-.040659733,-.030288978,NHS-R24,Asia,South Asia,intensive agriculturalists,7,310,Santal,3421,matched (3)
Formality,NHS-C084,.9063381,.69889158,1.0845863,0,1.19907974821862,0.968674845681629,1.35182128597144,-1.2274778,2.9620962,-.042459454,-.050248832,-0.0444506410580192,-.14708422,-.041331988,-.050248832,-.09339536,NHS-R30,Africa,Western Africa,intensive agriculturalists,11,209,Dogon,1077,matched (3)
Arousal,NHS-C084,-.53607929,-.73366988,-.3355692,0,1.08638445995646,0.869444908588721,1.22778347800873,-2.5905747,1.5032026,.024673138,.0075712628,0.023377508533469,-.000048140435,.035250515,.0075712628,.043820724,NHS-R30,Africa,Western Africa,intensive agriculturalists,11,209,Dogon,1069,matched (3)
Religiosity,NHS-C084,-.25420034,-.45478609,-.047259431,.017166667,0.833282317689239,0.694084526438281,0.963314370395802,-1.7440705,1.5034574,.011819,.017359732,0.0164383955066526,-.073249221,-.0069760801,.017359732,-.030288978,NHS-R30,Africa,Western Africa,intensive agriculturalists,11,209,Dogon,1227,matched (3)
Religiosity,NHS-C085,-.10301597,-.3835606,.18354633,.47416666,0.788593952129727,0.637536526948624,0.942208327839723,-1.6188405,1.4887321,.0013201419,.014549724,0.00554693050404968,-.073249221,-.03139114,.014549724,-.030288978,NHS-R25,Asia,Southeast Asia,intensive agriculturalists,7,59,Central Thai,860,matched (3)
Arousal,NHS-C085,-.23832223,-.5176515,.033360586,.086499996,1.15088560452912,0.907696517853042,1.33008147457466,-3.2864828,1.5133685,.0028225086,-.0025129258,0.00106974761974279,-.000048140435,-.019279832,-.0025129258,.043820724,NHS-R25,Asia,Southeast Asia,intensive agriculturalists,7,59,Central Thai,892,matched (3)
Formality,NHS-C085,-.097720765,-.3619279,.16220738,.47025001,0.774020397925036,0.6079970150895,0.960458723898762,-1.5104588,1.6038358,.0011106301,-.00083266391,0.000181910035302794,-.14708422,-.043436572,-.00083266391,-.09339536,NHS-R25,Asia,Southeast Asia,intensive agriculturalists,7,59,Central Thai,851,matched (3)
Formality,NHS-C086,-.13212003,-.59115803,.31898952,.56933331,0.809498079192836,0.611759297606948,1.02224588881508,-1.5048463,1.7406759,.0004506722,.0004506722,0.0136226559328659,.1782904,.005426161,.0004506722,.0004506722,NHS-R18,Middle America and the Caribbean,Northern Mexico,agro-pastoralists,3,20,Tarahumara,3966,matched (3)
Arousal,NHS-C086,-.21908927,-.71054167,.27174982,.375,0.898449305867652,0.629905790592936,1.16819936816882,-2.0158937,1.4518375,.00078789896,.00078789896,0.0131581363867767,-.00013332395,-.011213584,.00078789896,.00078789896,NHS-R18,Middle America and the Caribbean,Northern Mexico,agro-pastoralists,3,20,Tarahumara,3967,matched (3)
Religiosity,NHS-C086,-.14944457,-.61396205,.3248795,.53250003,0.869355818664619,0.612500942725267,1.11610021453736,-1.7312713,1.7490163,.00061495457,.00061495457,0.0169982127867529,.08894185,.015969409,.00061495457,.00061495457,NHS-R18,Middle America and the Caribbean,Northern Mexico,agro-pastoralists,3,20,Tarahumara,3970,matched (3)
Formality,NHS-C087,.81320393,-.12451892,1.7712773,.086750001,0.594880599965771,0.213517115416262,1.09602230942481,-.32352287,1.9634343,-.00081923389,-.0011173727,-0.00199608958976128,-.14708422,-.043436572,-.0011173727,-.09339536,NHS-R08,Asia,East Asia,intensive agriculturalists,1,4,Taiwan Hokkien,3960,matched (3)
Arousal,NHS-C087,-.70703322,-1.711261,.30196241,.16891667,0.984112462622042,0.50234643260047,1.49488976826654,-2.3252084,1.0783746,.00051354087,.00010363315,-0.00134771287358284,-.000048140435,-.019279832,.00010363315,.043820724,NHS-R08,Asia,East Asia,intensive agriculturalists,1,4,Taiwan Hokkien,3961,matched (3)
Religiosity,NHS-C087,.73249924,-.27770188,1.7507234,.15800001,0.770079042935235,0.276121277511474,1.30855752022061,-.63631606,2.1361184,-.0006228211,-.00039807882,0.00426840237653289,-.073249221,-.03139114,-.00039807882,-.030288978,NHS-R08,Asia,East Asia,intensive agriculturalists,1,4,Taiwan Hokkien,3958,matched (3)
Formality,NHS-C088,-.26437068,-1.427838,.90257305,.65166664,0.64827906675743,0.114168657889329,1.3698396205941,-1.4769608,1.048524,.000046535784,-.0080524134,-0.000631013939777257,-.14708422,-.041331988,-.0080524134,-.09339536,NHS-R17,Africa,Northern Africa,intensive agriculturalists,3,3,Shluh,3854,matched (3)
Religiosity,NHS-C088,.25686845,-1.0191928,1.5304844,.68516666,0.74085568975686,0.135553077687039,1.48019829798377,-1.134055,1.776009,-.00020228153,-.0060004909,-0.00889717430730777,-.073249221,-.0069760801,-.0060004909,-.030288978,NHS-R17,Africa,Northern Africa,intensive agriculturalists,3,3,Shluh,3852,matched (3)
Arousal,NHS-C088,.002462711,-1.2343886,1.2264295,.99916667,0.615361598820152,0.122946238654589,1.2777873503788,-1.2646685,1.4254136,-.00010701692,.0014367399,-0.00234452647031785,-.000048140435,.035250515,.0014367399,.043820724,NHS-R17,Africa,Northern Africa,intensive agriculturalists,3,3,Shluh,3853,matched (3)
Arousal,NHS-C091,.21061285,-.43227282,.86921972,.52666664,0.610773312210607,0.348037152524522,0.881727722141214,-1.013538,1.5231874,-.00058859802,-.011777793,-0.0147909341218459,-.000048140435,-.019279832,-.011777793,-.01130215,NHS-R24,Asia,South Asia,other subsistence combinations,3,11,Khasi,2126,matched (3)
Religiosity,NHS-C091,-.010128572,-.65905106,.63495749,.97683334,0.670423015929966,0.387638363180583,0.994473854958553,-1.3486693,1.3917012,.000034289616,-.040659733,-0.0369353594423359,-.073249221,-.03139114,-.040659733,-.027653722,NHS-R24,Asia,South Asia,other subsistence combinations,3,11,Khasi,2128,matched (3)
Formality,NHS-C091,.06302169,-.51856977,.6496473,.83258331,0.579525959157052,0.340074362501494,0.916481455917271,-1.1723541,1.2779174,-.00025847982,-.036036544,-0.0378997780095258,-.14708422,-.043436572,-.036036544,.010164405,NHS-R24,Asia,South Asia,other subsistence combinations,3,11,Khasi,2121,matched (3)
Religiosity,NHS-C092,.072811291,-.15890117,.31585395,.55183333,0.900378785159468,0.720550043198933,1.05402728828028,-1.6726919,1.8892039,-.0013870802,-.0013461615,-0.000363906425108156,-.073249221,-.0069760801,-.0013461615,.05250952,NHS-R05,Africa,Central Africa,hunter-gatherers,5,83,Mbuti,2685,matched (3)
Formality,NHS-C092,-.13435906,-.36368921,.090198487,.24416667,0.854972202542265,0.694892999045797,1.01163615004209,-1.7237586,1.6743537,.0023297265,.0036348063,0.0129036534235062,-.14708422,-.041331988,.0036348063,.040266037,NHS-R05,Africa,Central Africa,hunter-gatherers,5,83,Mbuti,2652,matched (3)
Arousal,NHS-C092,-.156395,-.39766967,.085909441,.20550001,0.854264349413447,0.681037255794778,1.003084096597,-1.8556035,1.4725754,.0026804251,.0034125361,-0.0024803864910257,-.000048140435,.035250515,.0034125361,-.019146791,NHS-R05,Africa,Central Africa,hunter-gatherers,5,83,Mbuti,2704,matched (3)
Religiosity,NHS-C095,.1666459,-.074437238,.41092134,.17841667,0.848172650473356,0.656025533504839,1.02428677298477,-1.4732046,1.8757073,-.0033205817,-.000078809797,0.000829251183843514,.08894185,.049105357,-.000078809797,.05250952,NHS-R02,North America,Arctic and Subarctic,hunter-gatherers,10,91,Copper Inuit,1018,matched (3)
Formality,NHS-C095,.071933255,-.14229068,.29215276,.52508336,0.785528400157793,0.583492299911662,0.930077148634519,-1.4482023,1.6573737,-.0015313057,-.0053768964,-0.00252747822589581,.1782904,.079772219,-.0053768964,.040266037,NHS-R02,North America,Arctic and Subarctic,hunter-gatherers,10,91,Copper Inuit,1023,matched (3)
Arousal,NHS-C095,.17877811,-.062260903,.42395774,.14191666,0.927922708487317,0.728905998832417,1.08458575738124,-1.722735,1.9178921,-.003611468,-.012984539,-0.00552488938121844,-.00013332395,.030794572,-.012984539,-.019146791,NHS-R02,North America,Arctic and Subarctic,hunter-gatherers,10,91,Copper Inuit,999,matched (3)
Formality,NHS-C097,-.43650475,-.80060905,-.076341033,.016916666,0.748276424269318,0.539766082585184,0.946573915833146,-1.8468349,1.1596516,.0029958384,.0064747641,0.00211528305688089,.1782904,.028379375,.0064747641,.020735098,NHS-R28,South America,Southern South America,primarily hunter-gatherers,4,33,Mataco,2621,matched (3)
Arousal,NHS-C097,-.42891702,-.8335855,-.038858283,.029750001,0.879717790368309,0.648619161975124,1.08723746291705,-2.174015,1.2850726,.0028720843,-.0030393717,0.00113041860753669,-.00013332395,-.0075052967,-.0030393717,.015754972,NHS-R28,South America,Southern South America,primarily hunter-gatherers,4,33,Mataco,2634,matched (3)
Religiosity,NHS-C097,-.38988864,-.76908547,-.0069828015,.044666667,0.894145483534861,0.717740294015384,1.10332022800817,-1.8984365,1.5392981,.002779051,.010830055,0.00701498878551165,.08894185,-.0060005994,.010830055,-.0062969849,NHS-R28,South America,Southern South America,primarily hunter-gatherers,4,33,Mataco,2622,matched (3)
Formality,NHS-C098,.1620145,-.34474918,.66970462,.53633332,0.984409547561261,0.725278017630495,1.3385984202923,-1.6560925,1.891099,-.00067913695,-.00067913695,-0.00163971592455401,.1782904,.028379375,-.00067913695,.027933951,NHS-R07,South America,Central Andes,horticulturalists,7,16,Aymara,257,matched (3)
Arousal,NHS-C098,-.91026115,-1.488887,-.37205204,.00091666664,0.963461469434864,0.686159369543618,1.36372670563091,-2.6094494,1.1099136,.0029972836,.0029972836,0.00126490752376218,-.00013332395,-.0075052967,.0029972836,-.016122887,NHS-R07,South America,Central Andes,horticulturalists,7,16,Aymara,249,matched (3)
Religiosity,NHS-C098,-.018056011,-.55761552,.51014048,.95316666,0.812630626930969,0.54141807900868,1.14011707608537,-1.6332712,1.5685517,.00012967769,.00012967769,0.00428988090116602,.08894185,-.0060005994,.00012967769,.049090207,NHS-R07,South America,Central Andes,horticulturalists,7,16,Aymara,253,matched (3)
Arousal,NHS-C100,.2106631,-.16232815,.59794992,.27500001,0.988462726783641,0.762923064124059,1.24043393132417,-2.0113037,1.9468923,-.0016278725,-.0035052425,-0.00347230267048304,-.000048140435,-.019279832,-.0035052425,-.01130215,NHS-R16,Asia,North Asia,other subsistence combinations,6,34,Yakut,4677,matched (3)
Religiosity,NHS-C100,.14778204,-.21333204,.51765162,.42433333,0.831426973856701,0.644984931912701,1.03690328211066,-1.5671372,1.6919651,-.0010557799,-.0024827309,0.00309383397388014,-.073249221,-.03139114,-.0024827309,-.027653722,NHS-R16,Asia,North Asia,other subsistence combinations,6,34,Yakut,4686,matched (3)
Formality,NHS-C100,.3965745,.03018686,.76967806,.034333333,1.01896668202043,0.784627708712082,1.23256673896862,-1.4112951,2.5702982,-.0029385772,-.002033236,-0.00395434583627166,-.14708422,-.043436572,-.002033236,.010164405,NHS-R16,Asia,North Asia,other subsistence combinations,6,34,Yakut,4673,matched (3)
Religiosity,NHS-C108,-.80477059,-1.0606548,-.55781394,0,0.86050148956596,0.697633076249757,1.00032631896166,-2.3336544,1.1693844,.015294597,.017359732,-0.000363906425108156,-.073249221,-.0069760801,.017359732,.049090207,NHS-R30,Africa,Western Africa,horticulturalists,14,88,Akan,1,matched (3)
Arousal,NHS-C108,.27174932,.027631449,.5179652,.028416667,0.847860204410512,0.672047949872462,1.0005579668908,-1.4464281,1.859522,-.0054276283,.0075712628,-0.0024803864910257,-.000048140435,.035250515,.0075712628,-.016122887,NHS-R30,Africa,Western Africa,horticulturalists,14,88,Akan,2,matched (3)
Formality,NHS-C108,-.097820081,-.33829051,.13993743,.4145,0.797645853301068,0.65147083815147,0.937142711034863,-1.5000068,1.7544485,.0018519062,-.050248832,0.0129036534235062,-.14708422,-.041331988,-.050248832,.027933951,NHS-R30,Africa,Western Africa,horticulturalists,14,88,Akan,8,matched (3)
Religiosity,NHS-C111,-.4646917,-.71234214,-.21986237,.000083333332,1.02280806951309,0.810998811148924,1.18625117300005,-2.4367774,1.5064821,.0085235937,.0069476925,0.0129404384420836,.08894185,-.0060005994,.0069476925,.05250952,NHS-R10,South America,Eastern South America,hunter-gatherers,9,85,Bororo,776,matched (3)
Arousal,NHS-C111,.083936207,-.15232778,.32031664,.4765,1.02161781011595,0.808796872975086,1.19941500647518,-2.368402,1.8550117,-.0016221001,-.00046487668,-0.00348720853270227,-.00013332395,-.0075052967,-.00046487668,-.019146791,NHS-R10,South America,Eastern South America,hunter-gatherers,9,85,Bororo,778,matched (3)
Formality,NHS-C111,-.26754472,-.49685305,-.045959584,.016666668,0.878285919420276,0.71156810535325,1.01873770096486,-1.7646909,2.0394278,.0047890665,.0086184572,0.00393964104264543,.1782904,.028379375,.0086184572,.040266037,NHS-R10,South America,Eastern South America,hunter-gatherers,9,85,Bororo,757,matched (3)
Formality,NHS-C114,-.030728713,-.43381995,.38346016,.86891669,1.05396836484359,0.782988622538279,1.3020680500938,-1.7357322,2.6963074,6.3939115e-06,.00099848583,-0.000631013939777257,-.14708422,-.041331988,.00099848583,-.09339536,NHS-R09,Africa,Eastern Africa,intensive agriculturalists,2,24,Amhara,101,matched (3)
Arousal,NHS-C114,.0065727532,-.42839313,.43498051,.97483331,0.833897945312421,0.55587913369209,1.08471687505599,-1.6067935,1.6803979,-.000077018136,-.0044617667,-0.00234452647031785,-.000048140435,.035250515,-.0044617667,.043820724,NHS-R09,Africa,Eastern Africa,intensive agriculturalists,2,24,Amhara,104,matched (3)
Religiosity,NHS-C114,-.14549345,-.58337235,.28045419,.50400001,0.817880790373668,0.625601584625814,1.04676913189074,-1.6600827,1.5688691,.00070105348,-.011678716,-0.00889717430730777,-.073249221,-.0069760801,-.011678716,-.030288978,NHS-R09,Africa,Eastern Africa,intensive agriculturalists,2,24,Amhara,93,matched (3)
Arousal,NHS-C115,-.23474737,-.53875053,.061890781,.12208334,1.0106975247275,0.80186493405493,1.21418614787895,-2.1385686,1.689623,.0024614395,-.010555285,0.000703512048155613,-.00013332395,-.0075052967,-.010555285,-.01130215,NHS-R01,South America,Amazon and Orinoco,other subsistence combinations,9,51,Tukano,4577,matched (3)
Religiosity,NHS-C115,.21921892,-.077908464,.51635879,.14891666,0.883544309737873,0.682679683494745,1.05691794077058,-1.617038,1.8878478,-.0023107857,-.02654266,0.00182565799257983,.08894185,-.0060005994,-.02654266,-.027653722,NHS-R01,South America,Amazon and Orinoco,other subsistence combinations,9,51,Tukano,4544,matched (3)
Formality,NHS-C115,-.2234063,-.50136381,.0545035,.11733333,0.719115173213391,0.55123721160889,0.877634163996566,-1.5690414,1.2286404,.0023131196,.0069418047,0.00141349226266766,.1782904,.028379375,.0069418047,.010164405,NHS-R01,South America,Amazon and Orinoco,other subsistence combinations,9,51,Tukano,4542,matched (3)
Arousal,NHS-C116,-.18501428,-.61070883,.25526345,.39625001,0.911993014666343,0.667313904031915,1.1307740986559,-2.1929512,1.4438664,.00077491731,-.010555285,-0.0010101580345599,-.00013332395,-.0075052967,-.010555285,-.016122887,NHS-R01,South America,Amazon and Orinoco,horticulturalists,5,22,Yanoama,4706,matched (3)
Formality,NHS-C116,-.055344671,-.46251845,.35297942,.78724998,0.791770134217296,0.597914377454096,0.990604406543061,-1.3207921,1.8868135,.00017298329,.0069418047,-0.000769516505429582,.1782904,.028379375,.0069418047,.027933951,NHS-R01,South America,Amazon and Orinoco,horticulturalists,5,22,Yanoama,4697,matched (3)
Religiosity,NHS-C116,-.30531701,-.74121296,.12020585,.15916666,0.82861553330512,0.603727811116722,1.08018368481229,-1.8619686,1.5007949,.0014402518,-.02654266,0.00563564176877577,.08894185,-.0060005994,-.02654266,.049090207,NHS-R01,South America,Amazon and Orinoco,horticulturalists,5,22,Yanoama,4692,matched (3)
